id,name,address,district,lat,lng,phone,hours,rating,review_count,website,google_maps_url,source,is_verified,created_at
1,Tiệm Vàng Kim Khánh Việt Hùng,"215 Hùng Vương, Phước Ninh, Hải Châu, Đà Nẵng",Hải Châu,16.0544,108.2022,0236 3822 xxx,07:30 - 20:00,3.6,36,,"https://www.google.com/maps/place/V%C3%A0ng+B%E1%BA%A1c+Kim+Kh%C3%A1nh,+Vi%E1%BB%87t+H%C3%B9ng/@16.058259,108.1375568,14z/data=!4m10!1m2!2m1!1zVGnhu4dtIFbDoG5nIEtpbSBLaMOhbmggVmnhu4d0IEjDuW5nIDIxNSBIw7luZyBWxrDGoW5nLCBQaMaw4bubYyBOaW5oLCBI4bqjaSBDaMOidSwgxJDDoCBO4bq1bmcgxJDDoCBO4bq1bmc!3m6!1s0x3142191a1603919b:0x4a382a6d622e39b3!8m2!3d16.058259!4d108.1736057!15sCmtUaeG7h20gVsOgbmcgS2ltIEtow6FuaCBWaeG7h3QgSMO5bmcgMjE1IEjDuW5nIFbGsMahbmcsIFBoxrDhu5tjIE5pbmgsIEjhuqNpIENow6J1LCDEkMOgIE7hurVuZyDEkMOgIE7hurVuZ1pqImh0aeG7h20gdsOgbmcga2ltIGtow6FuaCB2aeG7h3QgaMO5bmcgMjE1IGjDuW5nIHbGsMahbmcgcGjGsOG7m2MgbmluaCBo4bqjaSBjaMOidSDEkcOgIG7hurVuZyDEkcOgIG7hurVuZ5IBB2pld2VsZXKaAURDaTlEUVVsUlFVTnZaRU5vZEhsalJqbHZUMnBPUkUxRmVETmhhM2hvWVdwc1VsWkRNVmhWZWtZMllUSndNVkp1WXhBQuABAPoBBAgAEEA!16s%2Fg%2F11h54zwdg_?entry=ttu&g_ep=EgoyMDI2MDMxMS4wIKXMDSoASAFQAw%3D%3D",manual,True,2026-03-14 05:14:09
2,PNJ Đà Nẵng - Hùng Vương,"78 Hùng Vương, Hải Châu, Đà Nẵng",Hải Châu,16.0678,108.2109,1800 1626,08:00 - 21:00,4.9,49,https://www.pnj.com.vn,,official,True,2026-03-14 05:14:09
3,PNJ Đà Nẵng - Ông Ích Khiêm,"265 Ông Ích Khiêm, Hải Châu, Đà Nẵng",Hải Châu,16.0521,108.2187,1800 1626,08:00 - 21:00,4.9,49,https://www.pnj.com.vn,"https://www.google.com/maps/place/C%E1%BB%ADa+H%C3%A0ng+Trang+S%E1%BB%A9c+PNJ+72+%C3%94ng+%C3%8Dch+%C4%90%C6%B0%E1%BB%9Dng+%C4%90%C3%A0+N%E1%BA%B5ng/@16.0157074,108.1328899,13z/data=!4m10!1m2!2m1!1zUE5KIMSQw6AgTuG6tW5nIC0gw5RuZyDDjWNoIEtoacOqbSAyNjUgw5RuZyDDjWNoIEtoacOqbSwgSOG6o2kgQ2jDonUsIMSQw6AgTuG6tW5nIMSQw6AgTuG6tW5n!3m6!1s0x31421b146eb21d27:0x1300f8e80996900c!8m2!3d16.0157074!4d108.2049877!15sCl1QTkogxJDDoCBO4bq1bmcgLSDDlG5nIMONY2ggS2hpw6ptIDI2NSDDlG5nIMONY2ggS2hpw6ptLCBI4bqjaSBDaMOidSwgxJDDoCBO4bq1bmcgxJDDoCBO4bq1bmdaWyJZcG5qIMSRw6AgbuG6tW5nIMO0bmcgw61jaCBraGnDqm0gMjY1IMO0bmcgw61jaCBraGnDqm0gaOG6o2kgY2jDonUgxJHDoCBu4bq1bmcgxJHDoCBu4bq1bmeSAQ1qZXdlbHJ5X3N0b3Jl4AEA!16s%2Fg%2F11gpnhx832?entry=ttu&g_ep=EgoyMDI2MDMxMS4wIKXMDSoASAFQAw%3D%3D",official,True,2026-03-14 05:14:09
4,DOJI Đà Nẵng,"154 Phan Chu Trinh, Hải Châu, Đà Nẵng",Hải Châu,16.0601,108.2144,0236 3580 168,08:00 - 20:30,4.8,48,https://doji.vn,"https://www.google.com/maps/place/Trung+T%C3%A2m+V%C3%A0ng+B%E1%BA%A1c+%C4%90%C3%A1+Qu%C3%BD+DOJI+Smart/@16.0604607,108.2003703,15z/data=!4m10!1m2!2m1!1zRE9KSSDEkMOgIE7hurVuZyAxNTQgUGhhbiBDaHUgVHJpbmgsIEjhuqNpIENow6J1LCDEkMOgIE7hurVuZyDEkMOgIE7hurVuZw!3m6!1s0x3142194944a7b30d:0x308e63f19c8164ce!8m2!3d16.0604607!4d108.2183947!15sCklET0pJIMSQw6AgTuG6tW5nIDE1NCBQaGFuIENodSBUcmluaCwgSOG6o2kgQ2jDonUsIMSQw6AgTuG6tW5nIMSQw6AgTuG6tW5nIgOIAQFaSSJHZG9qaSDEkcOgIG7hurVuZyAxNTQgcGhhbiBjaHUgdHJpbmggaOG6o2kgY2jDonUgxJHDoCBu4bq1bmcgxJHDoCBu4bq1bmeSAQ1qZXdlbHJ5X3N0b3JlmgFEQ2k5RFFVbFJRVU52WkVOb2RIbGpSamx2VDJ0c1MxSkhNV3BOYkdoTFpVaFdSMlZZY0U1amJrMHdaVmRHUW1Sc1JSQULgAQD6AQQIABBH!16s%2Fg%2F11tmzr_s54?entry=ttu&g_ep=EgoyMDI2MDMxMS4wIKXMDSoASAFQAw%3D%3D",official,True,2026-03-14 05:14:09
5,SJC Đà Nẵng,"268 Trần Phú, Hải Châu, Đà Nẵng",Hải Châu,16.0632,108.2201,0236 3822 566,"07:30 - 11:30, 13:30 - 17:00",3.4,34,https://sjc.com.vn,"https://www.google.com/maps/place/C%C3%B4ng+ty+TNHH+MTV+V%C3%A0ng+b%E1%BA%A1c+%C4%90%C3%A1+qu%C3%BD+S%C3%A0i+G%C3%B2n+(SJC)+-+cn+Mi%E1%BB%81n+Trung/@16.0601672,108.2051942,16z/data=!4m10!1m2!2m1!1zU0pDIMSQw6AgTuG6tW5nIDI2OCBUcuG6p24gUGjDuiwgSOG6o2kgQ2jDonUsIMSQw6AgTuG6tW5nIMSQw6AgTuG6tW5n!3m6!1s0x314219ca0ae5f925:0xe2d91e176f890e5e!8m2!3d16.0601672!4d108.2142064!15sCkVTSkMgxJDDoCBO4bq1bmcgMjY4IFRy4bqnbiBQaMO6LCBI4bqjaSBDaMOidSwgxJDDoCBO4bq1bmcgxJDDoCBO4bq1bmdaRSJDc2pjIMSRw6AgbuG6tW5nIDI2OCB0cuG6p24gcGjDuiBo4bqjaSBjaMOidSDEkcOgIG7hurVuZyDEkcOgIG7hurVuZ5IBDWpld2Vscnlfc3RvcmWaASRDaGREU1VoTk1HOW5TMFZKUTBGblNVTXhia3g1ZVhOUlJSQULgAQD6AQQIABAM!16s%2Fg%2F11b67k0kn9?entry=ttu&g_ep=EgoyMDI2MDMxMS4wIKXMDSoASAFQAw%3D%3D",official,True,2026-03-14 05:14:09
6,Tiệm Vàng Hoa Kim Thành,"123 Nguyễn Văn Linh, Hải Châu, Đà Nẵng",Hải Châu,16.0589,108.2098,0236 3821 xxx,07:00 - 20:00,3.3,33,,"https://www.google.com/maps/place/Ti%E1%BB%87m+V%C3%A0ng+Hoa+Kim+Th%C3%A0nh/@16.0672396,108.1956113,15z/data=!4m10!1m2!2m1!1zVGnhu4dtIFbDoG5nIEhvYSBLaW0gVGjDoG5oIDEyMyBOZ3V54buFbiBWxINuIExpbmgsIEjhuqNpIENow6J1LCDEkMOgIE7hurVuZyDEkMOgIE7hurVuZw!3m6!1s0x314219156b0dc323:0x85a6021cdc302ac4!8m2!3d16.0672396!4d108.2136357!15sClhUaeG7h20gVsOgbmcgSG9hIEtpbSBUaMOgbmggMTIzIE5ndXnhu4VuIFbEg24gTGluaCwgSOG6o2kgQ2jDonUsIMSQw6AgTuG6tW5nIMSQw6AgTuG6tW5nWlgiVnRp4buHbSB2w6BuZyBob2Ega2ltIHRow6BuaCAxMjMgbmd1eeG7hW4gdsSDbiBsaW5oIGjhuqNpIGNow6J1IMSRw6AgbuG6tW5nIMSRw6AgbuG6tW5nkgENamV3ZWxyeV9zdG9yZZoBJENoZERTVWhOTUc5blMwVkpRMEZuU1VSYWRIVkxVM0ZuUlJBQuABAPoBBQiOARBG!16s%2Fg%2F11swqx534h?entry=ttu&g_ep=EgoyMDI2MDMxMS4wIKXMDSoASAFQAw%3D%3D",manual,True,2026-03-14 05:14:09
7,Tiệm Vàng Phúc Lợi,"56 Lê Lợi, Hải Châu, Đà Nẵng",Hải Châu,16.0612,108.2165,0905 xxx xxx,08:00 - 19:30,3.8,38,https://www.facebook.com/profile.php?id=100063518712798&mibextid=ZbWKwL,"https://www.google.com/maps/place/Ti%E1%BB%87m+V%C3%A0ng+Ph%C3%BAc+Huy/@16.0675891,108.2093263,17z/data=!4m10!1m2!2m1!1zVGnhu4dtIFbDoG5nIFBow7pjIEzhu6NpIDU2IEzDqiBM4bujaSwgSOG6o2kgQ2jDonUsIMSQw6AgTuG6tW5nIMSQw6AgTuG6tW5n!3m6!1s0x3142184a7f936b3b:0xfd2f449fe71f98af!8m2!3d16.0675891!4d108.2138324!15sCktUaeG7h20gVsOgbmcgUGjDumMgTOG7o2kgNTYgTMOqIEzhu6NpLCBI4bqjaSBDaMOidSwgxJDDoCBO4bq1bmcgxJDDoCBO4bq1bmdaSyJJdGnhu4dtIHbDoG5nIHBow7pjIGzhu6NpIDU2IGzDqiBs4bujaSBo4bqjaSBjaMOidSDEkcOgIG7hurVuZyDEkcOgIG7hurVuZ5IBDWpld2Vscnlfc3RvcmWaAURDaTlEUVVsUlFVTnZaRU5vZEhsalJqbHZUMnRHZGxsdFducFRSM0JFVGxkYWNGWXhSWFJoTW1SYVVtMU9VVlF5WXhBQuABAPoBBAglEDo!16s%2Fg%2F1hc18hn88?entry=ttu&g_ep=EgoyMDI2MDMxMS4wIKXMDSoASAFQAw%3D%3D",manual,False,2026-03-14 05:14:09
8,Tứ Quý Jewelry,"89 Trần Hưng Đạo, Sơn Trà, Đà Nẵng",Sơn Trà,16.0778,108.2289,0236 3824 xxx,08:00 - 20:00,4.8,48,https://ctj.com.vn/,"https://www.google.com/maps/place/%C4%90%E1%BA%A0I+L%C3%9D+V%C3%80NG+B%E1%BA%A0C+PH%C3%9A+QU%C3%9D+%C4%90%C3%80+N%E1%BA%B4NG+-+V%C3%80NG+B%E1%BA%A0C+C%C3%81T+T%C6%AF%E1%BB%9CNG/@16.0417874,103.5962836,7z/data=!4m10!1m2!2m1!1zVOG7qSBRdcO9IEpld2VscnkgODkgVHLhuqduIEjGsG5nIMSQ4bqhbywgU8ahbiBUcsOgLCDEkMOgIE7hurVuZyDEkMOgIE7hurVuZw!3m6!1s0x314219cdac7a84bf:0xb8126700ed37b767!8m2!3d16.0417874!4d108.2105414!15sCkxU4bupIFF1w70gSmV3ZWxyeSA4OSBUcuG6p24gSMawbmcgxJDhuqFvLCBTxqFuIFRyw6AsIMSQw6AgTuG6tW5nIMSQw6AgTuG6tW5nWkwiSnThu6kgcXXDvSBqZXdlbHJ5IDg5IHRy4bqnbiBoxrBuZyDEkeG6oW8gc8ahbiB0csOgIMSRw6AgbuG6tW5nIMSRw6AgbuG6tW5nkgENamV3ZWxyeV9zdG9yZZoBRENpOURRVWxSUVVOdlpFTm9kSGxqUmpsdlQyNVdjMVJ0Y0ZaT01WWXdUakU1UmxVeVpFOVZiVTVwWkVWbk5VMXVZeEFC4AEA-gEECAAQKA!16s%2Fg%2F11yj8lfj6r?entry=ttu&g_ep=EgoyMDI2MDMxMS4wIKXMDSoASAFQAw%3D%3D",manual,True,2026-03-14 05:14:09
9,Tiệm Vàng Minh Hòa,"34 Điện Biên Phủ, Thanh Khê, Đà Nẵng",Thanh Khê,16.0811,108.1978,0236 3823 xxx,07:30 - 20:00,4.7,47,,"https://www.google.com/maps/place/Hi%E1%BB%87u+v%C3%A0ng+L%E1%BB%99c+Qu%C3%BD/@16.0651124,108.1495251,14z/data=!4m10!1m2!2m1!1zVGnhu4dtIFbDoG5nIE1pbmggSMOyYSAzNCDEkGnhu4duIEJpw6puIFBo4bunLCBUaGFuaCBLaMOqLCDEkMOgIE7hurVuZyDEkMOgIE7hurVuZw!3m6!1s0x314219ad6ea7d485:0x5487d81600d9f2b5!8m2!3d16.0651124!4d108.185574!15sClJUaeG7h20gVsOgbmcgTWluaCBIw7JhIDM0IMSQaeG7h24gQmnDqm4gUGjhu6csIFRoYW5oIEtow6osIMSQw6AgTuG6tW5nIMSQw6AgTuG6tW5nkgENamV3ZWxyeV9zdG9yZeABAA!16s%2Fg%2F11ng6ryd6b?entry=ttu&g_ep=EgoyMDI2MDMxMS4wIKXMDSoASAFQAw%3D%3D",manual,False,2026-03-14 05:14:09
10,Bảo Tín Đà Nẵng,"12 Nguyễn Tất Thành, Thanh Khê, Đà Nẵng",Thanh Khê,16.0834,108.1912,0236 3820 xxx,08:00 - 19:00,4.9,49,https://thuanbaotin.com/,"https://www.google.com/maps/place/M%C3%A1y+In+%C4%90%C3%A0+N%E1%BA%B5ng+-+Thu%E1%BA%ADn+B%E1%BA%A3o+T%C3%ADn/@16.0739097,107.9211509,11z/data=!4m10!1m2!2m1!1zQuG6o28gVMOtbiDEkMOgIE7hurVuZyAxMiBOZ3V54buFbiBU4bqldCBUaMOgbmgsIFRoYW5oIEtow6osIMSQw6AgTuG6tW5nIMSQw6AgTuG6tW5n!3m6!1s0x3142196d94d0e35f:0x90bc999e25b983e0!8m2!3d16.0739097!4d108.209542!15sClRC4bqjbyBUw61uIMSQw6AgTuG6tW5nIDEyIE5ndXnhu4VuIFThuqV0IFRow6BuaCwgVGhhbmggS2jDqiwgxJDDoCBO4bq1bmcgxJDDoCBO4bq1bmdaVCJSYuG6o28gdMOtbiDEkcOgIG7hurVuZyAxMiBuZ3V54buFbiB04bqldCB0aMOgbmggdGhhbmgga2jDqiDEkcOgIG7hurVuZyDEkcOgIG7hurVuZ5IBFnByaW50ZXJfcmVwYWlyX3NlcnZpY2WaASRDaGREU1VoTk1HOW5TMFZKUTBGblNVUjJkSFZpWnkxblJSQULgAQD6AQQIIRAs!16s%2Fg%2F11w234v061?entry=ttu&g_ep=EgoyMDI2MDMxMS4wIKXMDSoASAFQAw%3D%3D",manual,False,2026-03-14 05:14:09
11,Tiệm Vàng Thanh Bình,"67 Lê Duẩn, Hải Châu, Đà Nẵng",Hải Châu,16.0645,108.2134,0236 3811 xxx,07:30 - 20:30,4.1,41,http://hiepthinhjewelry.com/?utm_source=gmb&utm_medium=referral,"https://www.google.com/maps/place/DNTN+Hi%E1%BB%87u+v%C3%A0ng+Hiep+Thanh/@16.0742881,108.2178327,16z/data=!4m10!1m2!2m1!1zVGnhu4dtIFbDoG5nIFRoYW5oIELDrG5oIDY3IEzDqiBEdeG6qW4sIEjhuqNpIENow6J1LCDEkMOgIE7hurVuZyDEkMOgIE7hurVuZw!3m6!1s0x314218323f93ab81:0xde58a2385aee19be!8m2!3d16.0678629!4d108.2241653!15sCkxUaeG7h20gVsOgbmcgVGhhbmggQsOsbmggNjcgTMOqIER14bqpbiwgSOG6o2kgQ2jDonUsIMSQw6AgTuG6tW5nIMSQw6AgTuG6tW5nWkwiSnRp4buHbSB2w6BuZyB0aGFuaCBiw6xuaCA2NyBsw6ogZHXhuqluIGjhuqNpIGNow6J1IMSRw6AgbuG6tW5nIMSRw6AgbuG6tW5nkgENamV3ZWxyeV9zdG9yZZoBJENoZERTVWhOTUc5blMwVkpRMEZuU1VOUGIySlhTM0pCUlJBQuABAPoBBAgUEBk!16s%2Fg%2F1tdk_0yc?entry=ttu&g_ep=EgoyMDI2MDMxMS4wIKXMDSoASAFQAw%3D%3D",manual,True,2026-03-14 05:14:09
12,PNJ Ngũ Hành Sơn,"234 Trường Sa, Ngũ Hành Sơn, Đà Nẵng",Ngũ Hành Sơn,16.0023,108.2601,1800 1626,08:00 - 21:00,4.9,49,https://www.pnj.com.vn,"https://www.google.com/maps/place/C%E1%BB%ADa+H%C3%A0ng+Trang+S%E1%BB%A9c+PNJ+347+Nguy%E1%BB%85n+H%E1%BB%AFu+Th%E1%BB%8D+-+%C4%90%C3%A0+N%E1%BA%B5ng/@16.0370689,108.138173,13z/data=!4m10!1m2!2m1!1zUE5KIE5nxakgSMOgbmggU8ahbiAyMzQgVHLGsOG7nW5nIFNhLCBOZ8WpIEjDoG5oIFPGoW4sIMSQw6AgTuG6tW5nIMSQw6AgTuG6tW5n!3m6!1s0x3142190c129188df:0xa9265ec6cf487b53!8m2!3d16.0370689!4d108.2102708!15sCk5QTkogTmfFqSBIw6BuaCBTxqFuIDIzNCBUcsaw4budbmcgU2EsIE5nxakgSMOgbmggU8ahbiwgxJDDoCBO4bq1bmcgxJDDoCBO4bq1bmdaTiJMcG5qIG5nxakgaMOgbmggc8ahbiAyMzQgdHLGsOG7nW5nIHNhIG5nxakgaMOgbmggc8ahbiDEkcOgIG7hurVuZyDEkcOgIG7hurVuZ5IBDWpld2Vscnlfc3RvcmXgAQA!16s%2Fg%2F11tx717vnd?entry=ttu&g_ep=EgoyMDI2MDMxMS4wIKXMDSoASAFQAw%3D%3D",official,True,2026-03-14 05:14:09
13,Tiệm Vàng Đức Thịnh,"15 Hoàng Diệu, Hải Châu, Đà Nẵng",Hải Châu,16.0558,108.2078,0905 xxx xxx,08:00 - 19:00,3.8,38,https://ngocthinh-jewelry.vn/,"https://www.google.com/maps/place/Ng%E1%BB%8Dc+Th%E1%BB%8Bnh+Jewelry/@16.0521354,103.6031587,7z/data=!4m10!1m2!2m1!1zVGnhu4dtIFbDoG5nIMSQ4bupYyBUaOG7i25oIDE1IEhvw6BuZyBEaeG7h3UsIEjhuqNpIENow6J1LCDEkMOgIE7hurVuZyDEkMOgIE7hurVuZw!3m6!1s0x3142194bb1a9c351:0x81a086532c0f3022!8m2!3d16.0521354!4d108.2174165!15sClJUaeG7h20gVsOgbmcgxJDhu6ljIFRo4buLbmggMTUgSG_DoG5nIERp4buHdSwgSOG6o2kgQ2jDonUsIMSQw6AgTuG6tW5nIMSQw6AgTuG6tW5nWlIiUHRp4buHbSB2w6BuZyDEkeG7qWMgdGjhu4tuaCAxNSBob8OgbmcgZGnhu4d1IGjhuqNpIGNow6J1IMSRw6AgbuG6tW5nIMSRw6AgbuG6tW5nkgENamV3ZWxyeV9zdG9yZZoBRENpOURRVWxSUVVOdlpFTm9kSGxqUmpsdlQyMVdSMkV5VGpOVGFrWm1VekZTYjJKV1VreGFSV3d4V0RGck5GWklZeEFC4AEA-gEECAAQOw!16s%2Fg%2F11nfzkxftn?entry=ttu&g_ep=EgoyMDI2MDMxMS4wIKXMDSoASAFQAw%3D%3D",manual,False,2026-03-14 05:14:09
14,Tiệm Vàng Kim Long,"45 Lý Thường Kiệt, Hải Châu, Đà Nẵng",Hải Châu,16.0567,108.2055,0236 3831 xxx,07:30 - 20:00,5.0,50,https://kimlongdanang.vn/,"https://www.google.com/maps/place/Kim+Long+Motor+-+Trung+t%C3%A2m+%C3%94+t%C3%B4+%26+Bus+%C4%90%C3%A0+N%E1%BA%B5ng/@15.9890218,108.125665,13z/data=!4m10!1m2!2m1!1zVGnhu4dtIFbDoG5nIEtpbSBMb25nIDQ1IEzDvSBUaMaw4budbmcgS2nhu4d0LCBI4bqjaSBDaMOidSwgxJDDoCBO4bq1bmcgxJDDoCBO4bq1bmc!3m6!1s0x31421b190793443f:0x70842d427a1dfae!8m2!3d15.9890218!4d108.1977628!15sClNUaeG7h20gVsOgbmcgS2ltIExvbmcgNDUgTMO9IFRoxrDhu51uZyBLaeG7h3QsIEjhuqNpIENow6J1LCDEkMOgIE7hurVuZyDEkMOgIE7hurVuZ1pTIlF0aeG7h20gdsOgbmcga2ltIGxvbmcgNDUgbMO9IHRoxrDhu51uZyBraeG7h3QgaOG6o2kgY2jDonUgxJHDoCBu4bq1bmcgxJHDoCBu4bq1bmeSAQpjYXJfZGVhbGVymgFEQ2k5RFFVbFJRVU52WkVOb2RIbGpSamx2VDJ4b00xRXpTa1pVUkZKU1YxVlpNRlZWU25CT1YxRjBVbGQwU0ZGdVl4QULgAQD6AQQIABA1!16s%2Fg%2F11xv_vh734?entry=ttu&g_ep=EgoyMDI2MDMxMS4wIKXMDSoASAFQAw%3D%3D",manual,False,2026-03-14 05:14:09
15,Tiệm Vàng Ánh Kim,"90 Núi Thành, Hải Châu, Đà Nẵng",Hải Châu,16.0432,108.2212,0905 xxx xxx,08:00 - 18:30,4.9,49,,"https://www.google.com/maps/place/Ti%E1%BB%87m+B%E1%BA%A1c+%C3%81nh+Kim/@16.0598414,108.1910182,14z/data=!4m10!1m2!2m1!1zVGnhu4dtIFbDoG5nIMOBbmggS2ltIDkwIE7DumkgVGjDoG5oLCBI4bqjaSBDaMOidSwgxJDDoCBO4bq1bmcgxJDDoCBO4bq1bmc!3m6!1s0x314219c7ca7e601d:0x2a7e287bc54601dd!8m2!3d16.0517487!4d108.2169257!15sCkpUaeG7h20gVsOgbmcgw4FuaCBLaW0gOTAgTsO6aSBUaMOgbmgsIEjhuqNpIENow6J1LCDEkMOgIE7hurVuZyDEkMOgIE7hurVuZ1pKIkh0aeG7h20gdsOgbmcgw6FuaCBraW0gOTAgbsO6aSB0aMOgbmggaOG6o2kgY2jDonUgxJHDoCBu4bq1bmcgxJHDoCBu4bq1bmeSAQtzaWx2ZXJzbWl0aJoBRENpOURRVWxSUVVOdlpFTm9kSGxqUmpsdlQycE5Na3hYVFhkWFZGcG9VMGh2TkdWR1kzbGxWamwwWXpGck5XSXdSUkFC4AEA-gEECAAQOg!16s%2Fg%2F11bccm0_80?entry=ttu&g_ep=EgoyMDI2MDMxMS4wIKXMDSoASAFQAw%3D%3D",manual,False,2026-03-14 05:14:09
16,Ngọc Thịnh Jewelry,"chỉ: 289 Trưng Nữ Vương, Bình Thuận, Hải Châu, Đà Nẵng 550000, Việt Nam",Hải Châu,,,+84 236 3823 193,,3.8,238,https://ngocthinh-jewelry.vn/,https://www.google.com/maps/place/Ng%E1%BB%8Dc+Th%E1%BB%8Bnh+Jewelry/data=!4m7!3m6!1s0x3142194bb1a9c351:0x81a086532c0f3022!8m2!3d16.0521354!4d108.2174165!16s%2Fg%2F11nfzkxftn!19sChIJUcOpsUsZQjERIjAPLFOGoIE?authuser=0&hl=vi&rclk=1,google_maps,False,2026-03-14 08:34:24
17,Trang Sức Vàng Bạc Cara Luna Đà Nẵng - 193 Lê Duẩn,"chỉ: 193 Lê Duẩn, Chính Gián, Thanh Khê, Đà Nẵng 551000, Việt Nam",Hải Châu,,,+84 325 228 982,,4.9,193,https://caraluna.vn/,https://www.google.com/maps/place/Trang+S%E1%BB%A9c+V%C3%A0ng+B%E1%BA%A1c+Cara+Luna+%C4%90%C3%A0+N%E1%BA%B5ng+-+193+L%C3%AA+Du%E1%BA%A9n/data=!4m7!3m6!1s0x3142192c50597bcf:0xab7eb111906aa521!8m2!3d16.0700724!4d108.2130971!16s%2Fg%2F11ydmws2d3!19sChIJz3tZUCwZQjERIaVqkBGxfqs?authuser=0&hl=vi&rclk=1,google_maps,False,2026-03-14 08:34:28
18,DNTN Hiệu vàng Hiep Thanh,"chỉ: 25 Nguyễn Thái Học, Hải Châu, Đà Nẵng 550000, Việt Nam",Hải Châu,,,+84 236 3823 334,,4.1,64,http://hiepthinhjewelry.com/?utm_source=gmb&utm_medium=referral,https://www.google.com/maps/place/DNTN+Hi%E1%BB%87u+v%C3%A0ng+Hiep+Thanh/data=!4m7!3m6!1s0x314218323f93ab81:0xde58a2385aee19be!8m2!3d16.0678629!4d108.2241653!16s%2Fg%2F1tdk_0yc!19sChIJgauTPzIYQjERvhnuWjiiWN4?authuser=0&hl=vi&rclk=1,google_maps,False,2026-03-14 08:34:33
19,Huy Thanh Jewelry,"chỉ: 276 Nguyễn Văn Linh, Thạc Gián, Thanh Khê, Đà Nẵng 550000, Việt Nam",Thanh Khê,,,+84 236 3747 068,,4.9,1258,http://huythanhjewelry.vn/,https://www.google.com/maps/place/Huy+Thanh+Jewelry/data=!4m7!3m6!1s0x314219b5cd9010d3:0x14b4fae0f63bf3d4!8m2!3d16.0598826!4d108.2088205!16s%2Fg%2F11c3l6hmc0!19sChIJ0xCQzbUZQjER1PM79uD6tBQ?authuser=0&hl=vi&rclk=1,google_maps,False,2026-03-14 08:34:37
20,Tiệm Vàng Đại Hòa,"chỉ: 129 Trần Phú, Hải Châu, Đà Nẵng 550000, Việt Nam",Hải Châu,,,+84 236 3820 370,,4.5,50,,https://www.google.com/maps/place/Ti%E1%BB%87m+V%C3%A0ng+%C4%90%E1%BA%A1i+H%C3%B2a/data=!4m7!3m6!1s0x3142183246484635:0xa16b94a365ff454b!8m2!3d16.0677083!4d108.2239215!16s%2Fg%2F1vfw99l8!19sChIJNUZIRjIYQjERS0X_ZaOUa6E?authuser=0&hl=vi&rclk=1,google_maps,False,2026-03-14 08:34:42
21,HIỆU VÀNG KIM YẾN,"chỉ: 122 Bạch Đằng, Hải Châu, Đà Nẵng 550000, Việt Nam",Hải Châu,,,+84 905 500 333,,4.7,237,http://kimcuonggiaredanang.vn/,https://www.google.com/maps/place/HI%E1%BB%86U+V%C3%80NG+KIM+Y%E1%BA%BEN/data=!4m7!3m6!1s0x31421937df834915:0xe0be3114b35225d!8m2!3d16.0679413!4d108.2247839!16s%2Fg%2F11ll28x28n!19sChIJFUmD3zcZQjERXSI1SxHjCw4?authuser=0&hl=vi&rclk=1,google_maps,False,2026-03-14 08:34:46
22,Tiệm vàng Khải Hoàn III - Exchange Money Here,"chỉ: 63 Nguyễn Duy Hiệu, An Hải Nam, Sơn Trà, Đà Nẵng 550000, Việt Nam",Sơn Trà,,,+84 236 3928 289,,4.5,179,,https://www.google.com/maps/place/Ti%E1%BB%87m+v%C3%A0ng+Kh%E1%BA%A3i+Ho%C3%A0n+III+-+Exchange+Money+Here/data=!4m7!3m6!1s0x3142177dc389bfa9:0x8c1a4cef517d1f5d!8m2!3d16.0559625!4d108.2396408!16s%2Fg%2F11hcjxkfqg!19sChIJqb-Jw30XQjERXR99Ue9MGow?authuser=0&hl=vi&rclk=1,google_maps,False,2026-03-14 08:34:50
23,Cửa Hàng Trang Sức PNJ 72 Ông Ích Đường Đà Nẵng,"chỉ: 72 Ông Ích Đường, Khuê Trung, Cẩm Lệ, Đà Nẵng 550000, Việt Nam",Cẩm Lệ,,,+84 1800 545457,,4.9,72,https://www.pnj.com.vn/,https://www.google.com/maps/place/C%E1%BB%ADa+H%C3%A0ng+Trang+S%E1%BB%A9c+PNJ+72+%C3%94ng+%C3%8Dch+%C4%90%C6%B0%E1%BB%9Dng+%C4%90%C3%A0+N%E1%BA%B5ng/data=!4m7!3m6!1s0x31421b146eb21d27:0x1300f8e80996900c!8m2!3d16.0157074!4d108.2049877!16s%2Fg%2F11gpnhx832!19sChIJJx2ybhQbQjERDJCWCej4ABM?authuser=0&hl=vi&rclk=1,google_maps,False,2026-03-14 08:34:54
24,Hiệu Vàng Trữ,"chỉ: 151 Ông Ích Đường, Khuê Trung, Cẩm Lệ, Đà Nẵng 550000, Việt Nam",Cẩm Lệ,,,,,3.9,18,,https://www.google.com/maps/place/Hi%E1%BB%87u+V%C3%A0ng+Tr%E1%BB%AF/data=!4m7!3m6!1s0x31421a2658e52061:0x85fd13625f9ac3ed!8m2!3d16.0164977!4d108.2049817!16s%2Fg%2F11flt8mnqt!19sChIJYSDlWCYaQjER7cOaX2IT_YU?authuser=0&hl=vi&rclk=1,google_maps,False,2026-03-14 08:34:59
25,Hiệu Vàng Vân,"chỉ: 201 Ông Ích Đường, Khuê Trung, Cẩm Lệ, Đà Nẵng 550000, Việt Nam",Cẩm Lệ,,,+84 236 3846 193,,4.3,19,,https://www.google.com/maps/place/Hi%E1%BB%87u+V%C3%A0ng+V%C3%A2n/data=!4m7!3m6!1s0x31421a268191c825:0xb728bfea595f305d!8m2!3d16.0151877!4d108.2054161!16s%2Fg%2F1td3nzg1!19sChIJJciRgSYaQjERXTBfWeq_KLc?authuser=0&hl=vi&rclk=1,google_maps,False,2026-03-14 08:35:03
26,Đồ Cúng Vàng Mã Đà Nẵng Mạnh Hà,"chỉ: 35 Huỳnh Tấn Phát, Hoà Cường Bắc, Hải Châu, Đà Nẵng, Việt Nam",Hải Châu,,,+84 905 038 855,,4.9,64,https://www.facebook.com/docungvangmadanangmanhha,https://www.google.com/maps/place/%C4%90%E1%BB%93+C%C3%BAng+V%C3%A0ng+M%C3%A3+%C4%90%C3%A0+N%E1%BA%B5ng+M%E1%BA%A1nh+H%C3%A0/data=!4m7!3m6!1s0x314219ed28f2e68f:0x1b948636198c3a7f!8m2!3d16.0380336!4d108.2141047!16s%2Fg%2F11g6rd0v26!19sChIJj-byKO0ZQjERfzqMGTaGlBs?authuser=0&hl=vi&rclk=1,google_maps,False,2026-03-14 08:35:07
27,Tiệm Vàng Soạn Hà,"chỉ: 121 Trần Phú, Phường, Hải Châu, Đà Nẵng 550000, Việt Nam",Hải Châu,,,+84 236 3825 296,,4.2,339,,https://www.google.com/maps/place/Ti%E1%BB%87m+V%C3%A0ng+So%E1%BA%A1n+H%C3%A0/data=!4m7!3m6!1s0x314219005fc02995:0xe7be8f1f318889a7!8m2!3d16.0678495!4d108.2239418!16s%2Fg%2F11w8vdf5ns!19sChIJlSnAXwAZQjERp4mIMR-Pvuc?authuser=0&hl=vi&rclk=1,google_maps,False,2026-03-14 08:35:11
28,Tiệm Vàng Tâm Thịnh Lợi,"chỉ: 34 Nguyễn Thái Học, Hải Châu, Đà Nẵng 550000, Việt Nam",Hải Châu,,,+84 236 3539 252,,2.8,46,,https://www.google.com/maps/place/Ti%E1%BB%87m+V%C3%A0ng+T%C3%A2m+Th%E1%BB%8Bnh+L%E1%BB%A3i/data=!4m7!3m6!1s0x314218392c84dbe3:0xea079f12dd7563c1!8m2!3d16.0681732!4d108.2237287!16s%2Fg%2F11c1t5p2x5!19sChIJ49uELDkYQjERwWN13RKfB-o?authuser=0&hl=vi&rclk=1,google_maps,False,2026-03-14 08:35:15
29,DNTN Hiệu Vàng Thái Hòa II,"chỉ: 25 Nguyễn Duy Hiệu, An Hải Đông, Sơn Trà, Đà Nẵng 550000, Việt Nam",Sơn Trà,,,+84 888 825 979,,4.2,56,https://www.facebook.com/share/15xRBwKdjm/,https://www.google.com/maps/place/DNTN+Hi%E1%BB%87u+V%C3%A0ng+Th%C3%A1i+H%C3%B2a+II/data=!4m7!3m6!1s0x31421783c8d73c55:0x2d10ae95346fdaea!8m2!3d16.0554373!4d108.2378076!16s%2Fg%2F11sh7cqkkj!19sChIJVTzXyIMXQjER6tpvNJWuEC0?authuser=0&hl=vi&rclk=1,google_maps,False,2026-03-14 08:35:20
30,Cửa Hàng Trang Sức PNJ 455 Núi Thành Đà Nẵng,"chỉ: 455, Núi Thành, P. Hòa Cường Nam, Q. Hải Châu 45 TP, Đà Nẵng 550000, Việt Nam",Hải Châu,,,+84 236 3627 588,,4.9,455,https://www.pnj.com.vn/,https://www.google.com/maps/place/C%C6%B0%CC%89a+Ha%CC%80ng+Trang+S%C6%B0%CC%81c+PNJ+455+Nu%CC%81i+Tha%CC%80nh+%C4%90a%CC%80+N%C4%83%CC%83ng/data=!4m7!3m6!1s0x3142190891092a01:0x53d655592bea10d0!8m2!3d16.0368318!4d108.2224903!16s%2Fg%2F11jfzkh7rd!19sChIJASoJkQgZQjER0BDqK1lV1lM?authuser=0&hl=vi&rclk=1,google_maps,False,2026-03-14 08:35:25
31,Tiệm Vàng Phúc Huy,"chỉ: 350 Ông Ích Khiêm, Hải Châu, Đà Nẵng 550000, Việt Nam",Hải Châu,,,,,3.8,54,https://www.facebook.com/profile.php?id=100063518712798&mibextid=ZbWKwL,https://www.google.com/maps/place/Ti%E1%BB%87m+V%C3%A0ng+Ph%C3%BAc+Huy/data=!4m7!3m6!1s0x3142184a7f936b3b:0xfd2f449fe71f98af!8m2!3d16.0675891!4d108.2138324!16s%2Fg%2F1hc18hn88!19sChIJO2uTf0oYQjERr5gf559EL_0?authuser=0&hl=vi&rclk=1,google_maps,False,2026-03-14 08:35:29
32,Trung Tâm Vàng Bạc Đá Quý DOJI,"chỉ: 133 Trần Phú, Hải Châu, Đà Nẵng 550000, Việt Nam",Hải Châu,,,+84 236 3538 989,,4.7,65,,https://www.google.com/maps/place/Trung+T%C3%A2m+V%C3%A0ng+B%E1%BA%A1c+%C4%90%C3%A1+Qu%C3%BD+DOJI/data=!4m7!3m6!1s0x314219882fe9031d:0x223e3033548a7b1a!8m2!3d16.0675202!4d108.2238896!16s%2Fg%2F11k45s2rpg!19sChIJHQPpL4gZQjERGnuKVDMwPiI?authuser=0&hl=vi&rclk=1,google_maps,False,2026-03-14 08:35:33
33,Cửa Hàng Trang Sức PNJ 165 Nguyễn Văn Thoại Đà Nẵng,"chỉ: 165 Nguyễn Văn Thoại, P, Sơn Trà, Đà Nẵng 550000, Việt Nam",Sơn Trà,,,+84 1800 545457,,4.9,165,https://www.pnj.com.vn/,https://www.google.com/maps/place/C%E1%BB%ADa+H%C3%A0ng+Trang+S%E1%BB%A9c+PNJ+165+Nguy%E1%BB%85n+V%C4%83n+Tho%E1%BA%A1i+%C4%90%C3%A0+N%E1%BA%B5ng/data=!4m7!3m6!1s0x3142175fbcc0a333:0x1b0dd10f28f74e89!8m2!3d16.0551951!4d108.2418529!16s%2Fg%2F11jfzkddbl!19sChIJM6PAvF8XQjERiU73KA_RDRs?authuser=0&hl=vi&rclk=1,google_maps,False,2026-03-14 08:35:38
34,Hạnh Hòa Jewelry & Diamond,"chỉ: 135 137 Hùng Vương, Hải Châu, Đà Nẵng 550000, Việt Nam",Hải Châu,,,+84 905 444 229,,4.1,34,http://www.hanhhoa.vn/,https://www.google.com/maps/place/H%E1%BA%A1nh+H%C3%B2a+Jewelry+%26+Diamond/data=!4m7!3m6!1s0x314218344db1fe77:0x2d3372360430d754!8m2!3d16.067752!4d108.217001!16s%2Fg%2F1td_dqs0!19sChIJd_6xTTQYQjERVNcwBDZyMy0?authuser=0&hl=vi&rclk=1,google_maps,False,2026-03-14 08:35:42
35,Cửa Hàng Trang Sức PNJ Center 70 - 72 Trần Phú,"chỉ: 72 Trần Phú, Hải Châu, Đà Nẵng 550000, Việt Nam",Hải Châu,,,+84 1800 545457,,4.9,70,https://www.pnj.com.vn/,https://www.google.com/maps/place/C%E1%BB%ADa+H%C3%A0ng+Trang+S%E1%BB%A9c+PNJ+Center+70+-+72+Tr%E1%BA%A7n+Ph%C3%BA/data=!4m7!3m6!1s0x31421831915e3031:0x404aff43ddfca36a!8m2!3d16.0701398!4d108.2238722!16s%2Fg%2F1tdz295b!19sChIJMTBekTEYQjERaqP83UP_SkA?authuser=0&hl=vi&rclk=1,google_maps,False,2026-03-14 08:35:47
36,Tiệm Vàng Phú Lộc,"chỉ: 350 Ngũ Hành Sơn, Bắc Mỹ An, Ngũ Hành Sơn, Đà Nẵng 550000, Việt Nam",Ngũ Hành Sơn,,,,,3.2,26,,https://www.google.com/maps/place/Ti%E1%BB%87m+V%C3%A0ng+Ph%C3%BA+L%E1%BB%99c/data=!4m7!3m6!1s0x314210bf31849567:0x2cbd4fd63edc2daa!8m2!3d16.0413537!4d108.2411567!16s%2Fg%2F11h6g4y238!19sChIJZ5WEMb8QQjERqi3cPtZPvSw?authuser=0&hl=vi&rclk=1,google_maps,False,2026-03-14 08:35:51
37,Hiệu Vàng Kim Yến Hương,"chỉ: khu F chợ Hà Thân, Triệu Việt Vương, An Hải Trung, Sơn Trà, Đà Nẵng 550000, Việt Nam",Sơn Trà,,,+84 914 181 619,,4.3,229,,https://www.google.com/maps/place/Hi%E1%BB%87u+V%C3%A0ng+Kim+Y%E1%BA%BFn+H%C6%B0%C6%A1ng/data=!4m7!3m6!1s0x3142182ca2c81a0f:0x9aba3451c56e0ad!8m2!3d16.0645103!4d108.2307849!16s%2Fg%2F11h414gp9b!19sChIJDxrIoiwYQjERreBWHEWjqwk?authuser=0&hl=vi&rclk=1,google_maps,False,2026-03-14 08:35:56
38,Tiệm Bạc Ánh Kim,"chỉ: 313 Trưng Nữ Vương, Bình Thuận, Hải Châu, Đà Nẵng 550000, Việt Nam",Hải Châu,,,+84 901 909 783,,4.9,58,,https://www.google.com/maps/place/Ti%E1%BB%87m+B%E1%BA%A1c+%C3%81nh+Kim/data=!4m7!3m6!1s0x314219c7ca7e601d:0x2a7e287bc54601dd!8m2!3d16.0517487!4d108.2169257!16s%2Fg%2F11bccm0_80!19sChIJHWB-yscZQjER3QFGxXsofio?authuser=0&hl=vi&rclk=1,google_maps,False,2026-03-14 08:36:00
39,Tiệm Vàng Thanh Thanh Sơn,"chỉ: 79 Nguyễn Văn Thoại, An Hải, Sơn Trà, Đà Nẵng 550000, Việt Nam",Sơn Trà,,,,,3.3,64,,https://www.google.com/maps/place/Ti%E1%BB%87m+V%C3%A0ng+Thanh+Thanh+S%C6%A1n/data=!4m7!3m6!1s0x314219d7d032c4a7:0x58ea179cfc15a926!8m2!3d16.0543191!4d108.2387482!16s%2Fg%2F11fnwj044w!19sChIJp8Qy0NcZQjERJqkV_JwX6lg?authuser=0&hl=vi&rclk=1,google_maps,False,2026-03-14 08:36:04
40,Cửa Hàng Trang Sức PNJ Lotte Mart Đà Nẵng,"chỉ: Lô 1F, tầng trệt LOTTE Mart, 06 Nại Nam, P, Hải Châu, Đà Nẵng 550000, Việt Nam",Hải Châu,,,+84 1800 545457,,4.9,301,https://www.pnj.com.vn/,https://www.google.com/maps/place/C%E1%BB%ADa+H%C3%A0ng+Trang+S%E1%BB%A9c+PNJ+Lotte+Mart+%C4%90%C3%A0+N%E1%BA%B5ng/data=!4m7!3m6!1s0x314219e43199aed7:0x7fb1829adf8b72fe!8m2!3d16.0347647!4d108.2295008!16s%2Fg%2F11gcqwm8zh!19sChIJ166ZMeQZQjER_nKL35qCsX8?authuser=0&hl=vi&rclk=1,google_maps,False,2026-03-14 08:36:09
41,Công ty TNHH MTV Vàng bạc Đá quý Sài Gòn (SJC) - cn Miền Trung,"chỉ: 185 Nguyễn Văn Linh, Phước Ninh, Hải Châu, Đà Nẵng 550000, Việt Nam",Hải Châu,,,+84 236 3584 567,,3.4,72,,https://www.google.com/maps/place/C%C3%B4ng+ty+TNHH+MTV+V%C3%A0ng+b%E1%BA%A1c+%C4%90%C3%A1+qu%C3%BD+S%C3%A0i+G%C3%B2n+%28SJC%29+-+cn+Mi%E1%BB%81n+Trung/data=!4m7!3m6!1s0x314219ca0ae5f925:0xe2d91e176f890e5e!8m2!3d16.0601672!4d108.2142064!16s%2Fg%2F11b67k0kn9!19sChIJJfnlCsoZQjERXg6Jbxce2eI?authuser=0&hl=vi&rclk=1,google_maps,False,2026-03-14 08:36:13
42,Tiệm Vàng Kim Bảo Huy,"chỉ: 5 Mỹ Đa Đông 2, Bắc Mỹ An, Ngũ Hành Sơn, Đà Nẵng 550000, Việt Nam",Ngũ Hành Sơn,,,,,3.7,21,,https://www.google.com/maps/place/Ti%E1%BB%87m+V%C3%A0ng+Kim+B%E1%BA%A3o+Huy/data=!4m7!3m6!1s0x31421760e781e251:0x968b2d89cfce4bbd!8m2!3d16.0419925!4d108.2421873!16s%2Fg%2F11b696gzd6!19sChIJUeKB52AXQjERvUvOz4kti5Y?authuser=0&hl=vi&rclk=1,google_maps,False,2026-03-14 08:36:18
43,Nhật Phương Silver jewelry,"chỉ: 298 Phạm Cự Lượng, An Hải Đông, Sơn Trà, Đà Nẵng 550000, Việt Nam",Sơn Trà,,,+84 935 236 691,,4.0,66,,https://www.google.com/maps/place/Nh%E1%BA%ADt+Ph%C6%B0%C6%A1ng+Silver+jewelry/data=!4m7!3m6!1s0x314217f5acac1ddf:0x9c1f35996fa626f4!8m2!3d16.0548096!4d108.2378098!16s%2Fg%2F11rvgm4lpg!19sChIJ3x2srPUXQjER9Camb5k1H5w?authuser=0&hl=vi&rclk=1,google_maps,False,2026-03-14 08:36:22
44,Trung tâm Vàng bạc Trang sức DOJI,"chỉ: 172 Hùng Vương, Hải Châu, Đà Nẵng 550000, Việt Nam",Hải Châu,,,+84 236 3849 466,,4.3,66,,https://www.google.com/maps/place/Trung+t%C3%A2m+V%C3%A0ng+b%E1%BA%A1c+Trang+s%E1%BB%A9c+DOJI/data=!4m7!3m6!1s0x3142190777ee6b03:0x3a164aa368fb59b6!8m2!3d16.0681827!4d108.2180145!16s%2Fg%2F11gmgbnzz2!19sChIJA2vudwcZQjERtln7aKNKFjo?authuser=0&hl=vi&rclk=1,google_maps,False,2026-03-14 08:36:27
45,NGOC VAN KHOA Jewelry Shop,"chỉ: 245 Trưng Nữ Vương, Bình Thuận, Hải Châu, Đà Nẵng 550000, Việt Nam",Hải Châu,,,+84 933 858 444,,4.8,30,,https://www.google.com/maps/place/NGOC+VAN+KHOA+Jewelry+Shop/data=!4m7!3m6!1s0x314219a32f4a9325:0xe5fbb622d8cfed47!8m2!3d16.052959!4d108.2183944!16s%2Fg%2F11rfs8vvw1!19sChIJJZNKL6MZQjERR-3P2CK2--U?authuser=0&hl=vi&rclk=1,google_maps,False,2026-03-14 08:36:31
46,Hoa Kim Nguyên Con Jewelry,"chỉ: 311 Trưng Nữ Vương, phường Hòa Thuận Đông, 311 Trưng Nữ Vương, Bình Thuận, Hải Châu, Đà Nẵng 50215, Việt Nam",Hải Châu,,,+84 236 3617 420,,3.9,35,,https://www.google.com/maps/place/Hoa+Kim+Nguy%C3%AAn+Con+Jewelry/data=!4m7!3m6!1s0x314219310a6ed523:0x858a7b1afdbf526e!8m2!3d16.0517387!4d108.2169318!16s%2Fg%2F11s10cx3p6!19sChIJI9VuCjEZQjERblK__Rp7ioU?authuser=0&hl=vi&rclk=1,google_maps,False,2026-03-14 08:36:35
47,CÔNG TY TNHH GOLDEN PASTRY BÁNH VÀNG VIỆT NAM,"chỉ: 195 Mạc Đăng Doanh, Hoà Xuân, Cẩm Lệ, Đà Nẵng 550000, Việt Nam",Cẩm Lệ,,,+84 983 080 609,,5.0,0,http://banhvang.vn/,https://www.google.com/maps/place/C%C3%94NG+TY+TNHH+GOLDEN+PASTRY+B%C3%81NH+V%C3%80NG+VI%E1%BB%86T+NAM/data=!4m7!3m6!1s0x31421bbad8d939db:0xb334618b3afa8e6c!8m2!3d16.0133838!4d108.2231444!16s%2Fg%2F11hyn6dzw_!19sChIJ2znZ2LobQjERbI76OothNLM?authuser=0&hl=vi&rclk=1,google_maps,False,2026-03-14 08:36:39
48,Cửa Hàng Trang Sức PNJ 347 Nguyễn Hữu Thọ - Đà Nẵng,"chỉ: 347 Nguyễn Hữu Thọ, Khuê Trung, Cẩm Lệ, Đà Nẵng 550000, Việt Nam",Cẩm Lệ,,,+84 1800 545457,,4.9,347,http://pnj.com.vn/,https://www.google.com/maps/place/C%E1%BB%ADa+H%C3%A0ng+Trang+S%E1%BB%A9c+PNJ+347+Nguy%E1%BB%85n+H%E1%BB%AFu+Th%E1%BB%8D+-+%C4%90%C3%A0+N%E1%BA%B5ng/data=!4m7!3m6!1s0x3142190c129188df:0xa9265ec6cf487b53!8m2!3d16.0370689!4d108.2102708!16s%2Fg%2F11tx717vnd!19sChIJ34iREgwZQjERU3tIz8ZeJqk?authuser=0&hl=vi&rclk=1,google_maps,False,2026-03-14 08:36:44
49,Cửa Hàng Vàng Bạc & Điện Máy Ngọc Khương,"chỉ: 213 Ông Ích Đường, Khuê Trung, Cẩm Lệ, Đà Nẵng 550000, Việt Nam",Cẩm Lệ,,,+84 236 3846 194,,3.0,0,,https://www.google.com/maps/place/C%E1%BB%ADa+H%C3%A0ng+V%C3%A0ng+B%E1%BA%A1c+%26+%C4%90i%E1%BB%87n+M%C3%A1y+Ng%E1%BB%8Dc+Kh%C6%B0%C6%A1ng/data=!4m7!3m6!1s0x31421a2429776ed5:0xd8690cb32e64301!8m2!3d16.0147249!4d108.2055465!16s%2Fg%2F1v5_6xh3!19sChIJ1W53KSQaQjERAUPmMsuQhg0?authuser=0&hl=vi&rclk=1,google_maps,False,2026-03-14 08:36:48
50,DNTN Hiệu Vàng Kiều Oanh Hạnh,"chỉ: 241 Ông Ích Khiêm, Hải Châu, Đà Nẵng 550000, Việt Nam",Hải Châu,,,+84 236 3865 186,,5.0,9,,https://www.google.com/maps/place/DNTN+Hi%E1%BB%87u+V%C3%A0ng+Ki%E1%BB%81u+Oanh+H%E1%BA%A1nh/data=!4m7!3m6!1s0x3142184a096731e7:0xa63fed11afb60f85!8m2!3d16.0693251!4d108.2137594!16s%2Fg%2F11n6zksd28!19sChIJ5zFnCUoYQjERhQ-2rxHtP6Y?authuser=0&hl=vi&rclk=1,google_maps,False,2026-03-14 08:36:52
51,Doanh Nghiệp TN Hiệu Vàng Gia Nguyên,"chỉ: Ki Ốt 19, Chợ Hòa Cường Bắc, Phường Hoà Cường Bắc, Quận Hải Châu, Thành Phố Đà Nẵng, Hòa Thuận Nam, Hải Châu, Đà Nẵng, Việt Nam",Hải Châu,,,+84 914 430 309,,4.5,0,,https://www.google.com/maps/place/Doanh+Nghi%E1%BB%87p+TN+Hi%E1%BB%87u+V%C3%A0ng+Gia+Nguy%C3%AAn/data=!4m7!3m6!1s0x314219b8fecae883:0x69e25a0fe310fefa!8m2!3d16.0431752!4d108.2181396!16s%2Fg%2F11c5sxft78!19sChIJg-jK_rgZQjER-v4Q4w9a4mk?authuser=0&hl=vi&rclk=1,google_maps,False,2026-03-14 08:36:56
52,Hiệu vàng Phúc Hội,"chỉ: 14 Đ. Chi Lăng, Hải Châu, Đà Nẵng 550000, Việt Nam",Hải Châu,,,+84 236 3823 299,,4.2,43,,https://www.google.com/maps/place/Hi%E1%BB%87u+v%C3%A0ng+Ph%C3%BAc+H%E1%BB%99i/data=!4m7!3m6!1s0x31421835a3c5c5ab:0xf4f6f05b33e3dfee!8m2!3d16.0699525!4d108.215108!16s%2Fg%2F1thmhggp!19sChIJq8XFozUYQjER7t_jM1vw9vQ?authuser=0&hl=vi&rclk=1,google_maps,False,2026-03-14 08:37:00
53,Cửa Hàng Trang Sức PNJ 411 Lê Duẩn Đà Nẵng,"chỉ: 411 Lê Duẩn, Chính Gián, Thanh Khê, Đà Nẵng 550000, Việt Nam",Hải Châu,,,+84 1800 545457,,4.9,411,,https://www.google.com/maps/place/C%E1%BB%ADa+H%C3%A0ng+Trang+S%E1%BB%A9c+PNJ+411+L%C3%AA+Du%E1%BA%A9n+%C4%90%C3%A0+N%E1%BA%B5ng/data=!4m7!3m6!1s0x3142184b7e462687:0x5ea33ec2ec3100ad!8m2!3d16.0677362!4d108.208276!16s%2Fg%2F11f2dqqw2k!19sChIJhyZGfksYQjERrQAx7MI-o14?authuser=0&hl=vi&rclk=1,google_maps,False,2026-03-14 08:37:04
54,Hiệu Vàng Ngọc Vân Nam,"chỉ: 254 Hùng Vương, Hải Châu, Đà Nẵng 550000, Việt Nam",Hải Châu,,,,,4.5,17,,https://www.google.com/maps/place/Hi%E1%BB%87u+V%C3%A0ng+Ng%E1%BB%8Dc+V%C3%A2n+Nam/data=!4m7!3m6!1s0x3142196ddfddfd31:0x9aeac8a18c7a0cc3!8m2!3d16.06773!4d108.2156636!16s%2Fg%2F11j6bfklq_!19sChIJMf3d320ZQjERwwx6jKHI6po?authuser=0&hl=vi&rclk=1,google_maps,False,2026-03-14 08:37:09
55,Hiệu Vàng Hạnh Phú Cường Jewelry,"chỉ: 281 Ông Ích Khiêm, Hải Châu, Đà Nẵng 550000, Việt Nam",Hải Châu,,,+84 236 3866 677,,5.0,12,http://hanhphucuongjewelry.com/,https://www.google.com/maps/place/Hi%E1%BB%87u+V%C3%A0ng+H%E1%BA%A1nh+Ph%C3%BA+C%C6%B0%E1%BB%9Dng+Jewelry/data=!4m7!3m6!1s0x314218356254539b:0x562343dede8561cf!8m2!3d16.0665848!4d108.2143103!16s%2Fg%2F1wv_pq3v!19sChIJm1NUYjUYQjERz2GF3t5DI1Y?authuser=0&hl=vi&rclk=1,google_maps,False,2026-03-14 08:37:13
56,Hiệu Vàng Kim Dung Thủy,"chỉ: 292 Ông Ích Khiêm, Hải Châu, Đà Nẵng 550000, Việt Nam",Hải Châu,,,,,3.9,18,https://map.coccoc.com/map/10900964491195637,https://www.google.com/maps/place/Hi%E1%BB%87u+V%C3%A0ng+Kim+Dung+Th%E1%BB%A7y/data=!4m7!3m6!1s0x3142184a7973a17f:0x4fd70384004ec181!8m2!3d16.0686278!4d108.2135792!16s%2Fg%2F11h7s4g1mf!19sChIJf6FzeUoYQjERgcFOAIQD108?authuser=0&hl=vi&rclk=1,google_maps,False,2026-03-14 08:37:18
57,Tiệm Vàng Kim Dung Hảo,"chỉ: 292 Hùng Vương, Thạc Gián, Thanh Khê, Đà Nẵng 550000, Việt Nam",Hải Châu,,,+84 236 3689 127,,4.5,16,,https://www.google.com/maps/place/Ti%E1%BB%87m+V%C3%A0ng+Kim+Dung+H%E1%BA%A3o/data=!4m7!3m6!1s0x3142184a8228a083:0x53e0f0230bf771b4!8m2!3d16.0672837!4d108.2138312!16s%2Fg%2F11b67tx60t!19sChIJg6AogkoYQjERtHH3CyPw4FM?authuser=0&hl=vi&rclk=1,google_maps,False,2026-03-14 08:37:22
58,HIỆU VÀNG DŨNG LAN,"chỉ: 5 Nguyễn Quang Bích, Hòa Cường, Hải Châu, Đà Nẵng 550000, Việt Nam",Hải Châu,,,+84 905 499 228,,4.6,11,,https://www.google.com/maps/place/HI%E1%BB%86U+V%C3%80NG+D%C5%A8NG+LAN/data=!4m7!3m6!1s0x3142190043e17fd3:0xf19253e65f10e6d!8m2!3d16.0418434!4d108.2125485!16s%2Fg%2F11vk7hxxwx!19sChIJ03_hQwAZQjERbQ7xZT4lGQ8?authuser=0&hl=vi&rclk=1,google_maps,False,2026-03-14 08:37:26
59,"Vàng Bạc Kim Khánh, Việt Hùng","chỉ: 159A Tôn Đức Thắng, Hoà Minh, Cẩm Lệ, Đà Nẵng 550000, Việt Nam",Cẩm Lệ,,,,,3.6,79,,"https://www.google.com/maps/place/V%C3%A0ng+B%E1%BA%A1c+Kim+Kh%C3%A1nh,+Vi%E1%BB%87t+H%C3%B9ng/data=!4m7!3m6!1s0x3142191a1603919b:0x4a382a6d622e39b3!8m2!3d16.058259!4d108.1736057!16s%2Fg%2F11h54zwdg_!19sChIJm5EDFhoZQjERszkuYm0qOEo?authuser=0&hl=vi&rclk=1",google_maps,False,2026-03-14 08:37:31
60,Hiệu Vàng Bạc Ngọc Ánh,"chỉ: 26RR+QXG, Bắc Mỹ An, Ngũ Hành Sơn, Đà Nẵng 50000, Việt Nam",Ngũ Hành Sơn,,,+84 935 525 366,,5.0,9,,https://www.google.com/maps/place/Hi%E1%BB%87u+V%C3%A0ng+B%E1%BA%A1c+Ng%E1%BB%8Dc+%C3%81nh/data=!4m7!3m6!1s0x314217577115e711:0x99dfb882de975d58!8m2!3d16.0419375!4d108.2424375!16s%2Fg%2F11x6mgs1k7!19sChIJEecVcVcXQjERWF2X3oK435k?authuser=0&hl=vi&rclk=1,google_maps,False,2026-03-14 08:37:35
61,Cửa Hàng Trang Sức PNJ 123 Hùng Vương Đà Nẵng,"chỉ: 123 Hùng Vương, P, Hải Châu, Đà Nẵng 550000, Việt Nam",Hải Châu,,,+84 236 3818 666,,4.9,123,http://pnj.com.vn/,https://www.google.com/maps/place/C%E1%BB%ADa+H%C3%A0ng+Trang+S%E1%BB%A9c+PNJ+123+H%C3%B9ng+V%C6%B0%C6%A1ng+%C4%90%C3%A0+N%E1%BA%B5ng/data=!4m7!3m6!1s0x314218344c230c1f:0xda25fcf24ac4b5ae!8m2!3d16.0678544!4d108.2173039!16s%2Fg%2F1hc5dz6_6!19sChIJHwwjTDQYQjERrrXESvL8Jdo?authuser=0&hl=vi&rclk=1,google_maps,False,2026-03-14 08:37:40
62,Tiệm Bạc Nhật Phương,"chỉ: 40 K 38 Lê Hữu Trác, An Hải Đông, Sơn Trà, Đà Nẵng 550000, Việt Nam",Sơn Trà,,,+84 935 236 691,,4.4,17,https://www.facebook.com/Hi%E1%BB%87u-B%E1%BA%A1c-Nh%E1%BA%ADt-Ph%C6%B0%C6%A1ng-2156729704603576/,https://www.google.com/maps/place/Ti%E1%BB%87m+B%E1%BA%A1c+Nh%E1%BA%ADt+Ph%C6%B0%C6%A1ng/data=!4m7!3m6!1s0x3142175bd5ad7b8d:0xd251837976e2a8a0!8m2!3d16.0563402!4d108.2386096!16s%2Fg%2F11g22w_qy1!19sChIJjXut1VsXQjERoKjidnmDUdI?authuser=0&hl=vi&rclk=1,google_maps,False,2026-03-14 08:37:44
63,Hoa Kim Nguyên - Vàng bạc - Trang Sức - Đá Quý,"chỉ: 270 Ông Ích Khiêm, Chính Gián, Thanh Khê, Đà Nẵng 50000, Việt Nam",Hải Châu,,,+84 342 553 739,,2.3,18,,https://www.google.com/maps/place/Hoa+Kim+Nguy%C3%AAn+-+V%C3%A0ng+b%E1%BA%A1c+-+Trang+S%E1%BB%A9c+-+%C4%90%C3%A1+Qu%C3%BD/data=!4m7!3m6!1s0x314219b5dcb31ab3:0x76bc3cd11838ec2b!8m2!3d16.0693056!4d108.2134372!16s%2Fg%2F11y9czcdnw!19sChIJsxqz3LUZQjERK-w4GNE8vHY?authuser=0&hl=vi&rclk=1,google_maps,False,2026-03-14 08:37:48
64,Hiệu Vàng Ngọc Diệp,"chỉ: 94 Lý Thái Tổ, Thạc Gián, Thanh Khê, Đà Nẵng 550000, Việt Nam",Thanh Khê,,,+84 935 326 556,,4.2,24,,https://www.google.com/maps/place/Hi%E1%BB%87u+V%C3%A0ng+Ng%E1%BB%8Dc+Di%E1%BB%87p/data=!4m7!3m6!1s0x3142184cc647a59b:0x2dd84d565ce7d1a1!8m2!3d16.0663967!4d108.208273!16s%2Fg%2F1tfttfw0!19sChIJm6VHxkwYQjERodHnXFZN2C0?authuser=0&hl=vi&rclk=1,google_maps,False,2026-03-14 08:37:52
65,Hiệu Vàng Tín Đức,"chỉ: Chợ Nguyễn Tri Phương/Lô 8 Nguyễn Quang Bích, Hoà Cường Bắc, Hải Châu, Đà Nẵng 550000, Việt Nam",Hải Châu,,,+84 905 661 145,,4.5,0,,https://www.google.com/maps/place/Hi%E1%BB%87u+V%C3%A0ng+T%C3%ADn+%C4%90%E1%BB%A9c/data=!4m7!3m6!1s0x314219bfde7a807b:0xffa65cf62fcdb2ab!8m2!3d16.0425342!4d108.2121387!16s%2Fg%2F11csrypfn6!19sChIJe4B63r8ZQjERq7LNL_Zcpv8?authuser=0&hl=vi&rclk=1,google_maps,False,2026-03-14 08:37:56
66,Hiệu Vàng Ngọc Phương,"chỉ: 633 Trần Cao Vân, Xuân Hà, Thanh Khê, Đà Nẵng, Việt Nam",Thanh Khê,,,+84 236 3714 211,,4.6,9,https://www.facebook.com/ngocphuongjewelry/?ref=bookmarks,https://www.google.com/maps/place/Hi%E1%BB%87u+V%C3%A0ng+Ng%E1%BB%8Dc+Ph%C6%B0%C6%A1ng/data=!4m7!3m6!1s0x314218fec0cc89bd:0x5e60a990b1bee7c2!8m2!3d16.0716022!4d108.1860186!16s%2Fg%2F1tg7ph5v!19sChIJvYnMwP4YQjERwue-sZCpYF4?authuser=0&hl=vi&rclk=1,google_maps,False,2026-03-14 08:38:01
67,Cửa Hàng Trang Sức PNJ 359 Phan Châu Trinh Đà Nẵng,"chỉ: 359 Phan Châu Trinh, Bình Thuận, Hải Châu, Đà Nẵng 550000, Việt Nam",Hải Châu,,,+84 1800 545457,,5.0,359,https://www.pnj.com.vn/,https://www.google.com/maps/place/C%E1%BB%ADa+H%C3%A0ng+Trang+S%E1%BB%A9c+PNJ+359+Phan+Ch%C3%A2u+Trinh+%C4%90%C3%A0+N%E1%BA%B5ng/data=!4m7!3m6!1s0x314219c93c3d73a9:0x24bbac67442ab115!8m2!3d16.0569059!4d108.2189047!16s%2Fg%2F11b67f5z5h!19sChIJqXM9PMkZQjERFbEqRGesuyQ?authuser=0&hl=vi&rclk=1,google_maps,False,2026-03-14 08:38:05
68,Cửa hàng SJC,"chỉ: 193 Hùng Vương, Hải Châu, Đà Nẵng 550000, Việt Nam",Hải Châu,,,+84 236 3866 667,,3.0,35,,https://www.google.com/maps/place/C%E1%BB%ADa+h%C3%A0ng+SJC/data=!4m7!3m6!1s0x31421835aecd736f:0x95e6ee6522bac7e7!8m2!3d16.067513!4d108.2160088!16s%2Fg%2F11dxf0_q_d!19sChIJb3PNrjUYQjER58e6ImXu5pU?authuser=0&hl=vi&rclk=1,google_maps,False,2026-03-14 08:38:09
69,Hiệu Bạc Minh Trang,"chỉ: 256V+V68, Trường Chinh, Hoà Thọ Tây, Cẩm Lệ, Đà Nẵng 550000, Việt Nam",Cẩm Lệ,,,+84 906 544 212,,5.0,0,,https://www.google.com/maps/place/Hi%E1%BB%87u+B%E1%BA%A1c+Minh+Trang/data=!4m7!3m6!1s0x31421a2d063d0b95:0xf50d64291998fa7b!8m2!3d16.012173!4d108.1930671!16s%2Fg%2F1hc2fdp62!19sChIJlQs9Bi0aQjERe_qYGSlkDfU?authuser=0&hl=vi&rclk=1,google_maps,False,2026-03-14 08:38:14
70,Cửa hàng Trang sức PNJ tại Go! Đà Nẵng,"chỉ: Vĩnh Trung Plaza, Thạc Gián, Thanh Khê, Đà Nẵng 550000, Việt Nam",Thanh Khê,,,+84 1800 545457,,5.0,407,https://www.pnj.com.vn/,https://www.google.com/maps/place/C%E1%BB%ADa+h%C3%A0ng+Trang+s%E1%BB%A9c+PNJ+t%E1%BA%A1i+Go!+%C4%90%C3%A0+N%E1%BA%B5ng/data=!4m7!3m6!1s0x3142184a850a153f:0x1e799aa3afc2345c!8m2!3d16.0669161!4d108.2138243!16s%2Fg%2F11f1zl8gh8!19sChIJPxUKhUoYQjERXDTCr6OaeR4?authuser=0&hl=vi&rclk=1,google_maps,False,2026-03-14 08:38:18
71,DNTN trang sức vàng bạc đá quý Hữu Đấu,"chỉ: 388 Hùng Vương, Thạc Gián, Thanh Khê, Đà Nẵng 550000, Việt Nam",Hải Châu,,,+84 932 693 782,,3.0,0,,https://www.google.com/maps/place/DNTN+trang+s%E1%BB%A9c+v%C3%A0ng+b%E1%BA%A1c+%C4%91%C3%A1+qu%C3%BD+H%E1%BB%AFu+%C4%90%E1%BA%A5u/data=!4m7!3m6!1s0x314219412f99302d:0x716b1da23faa19f!8m2!3d16.0669611!4d108.21188!16s%2Fg%2F11h07jj9h0!19sChIJLTCZL0EZQjERn6H6I9qxFgc?authuser=0&hl=vi&rclk=1,google_maps,False,2026-03-14 08:38:22
72,Hiệu Vàng Tâm Thịnh Lợi Mai,"chỉ: 142 Trần Phú, Hải Châu, Đà Nẵng 550000, Việt Nam",Hải Châu,,,+84 236 3827 692,,3.5,30,,https://www.google.com/maps/place/Hi%E1%BB%87u+V%C3%A0ng+T%C3%A2m+Th%E1%BB%8Bnh+L%E1%BB%A3i+Mai/data=!4m7!3m6!1s0x31421832467c06b3:0x21f25ab1b3983962!8m2!3d16.0674478!4d108.2236288!16s%2Fg%2F11flt8t8mv!19sChIJswZ8RjIYQjERYjmYs7Fa8iE?authuser=0&hl=vi&rclk=1,google_maps,False,2026-03-14 08:38:26
73,"Công Ty Vàng Bạc Đá Quý Phú Nhuận@ SNJ Hùng Vương, Đà Nẵng","chỉ: Hùng Vương, Phường Hải Châu 1, Quận Hải Châu, Thành Phố Đà Nẵng, Việt Nam",Hải Châu,,,+84 236 3383 689,,3.7,0,,"https://www.google.com/maps/place/C%C3%B4ng+Ty+V%C3%A0ng+B%E1%BA%A1c+%C4%90%C3%A1+Qu%C3%BD+Ph%C3%BA+Nhu%E1%BA%ADn@+SNJ+H%C3%B9ng+V%C6%B0%C6%A1ng,+%C4%90%C3%A0+N%E1%BA%B5ng/data=!4m7!3m6!1s0x3142184a8d51d751:0x5625213eb02f1240!8m2!3d16.0683285!4d108.2191515!16s%2Fg%2F1vk6wpj1!19sChIJUddRjUoYQjERQBIvsD4hJVY?authuser=0&hl=vi&rclk=1",google_maps,False,2026-03-14 08:38:30
74,Trung Tâm Vàng Bạc Đá Quý DOJI Smart,"chỉ: 107 Nguyễn Văn Linh, Thạc Gián, Hải Châu, Đà Nẵng 550000, Việt Nam",Hải Châu,,,+84 236 3698 989,,4.8,103,,https://www.google.com/maps/place/Trung+T%C3%A2m+V%C3%A0ng+B%E1%BA%A1c+%C4%90%C3%A1+Qu%C3%BD+DOJI+Smart/data=!4m7!3m6!1s0x3142194944a7b30d:0x308e63f19c8164ce!8m2!3d16.0604607!4d108.2183947!16s%2Fg%2F11tmzr_s54!19sChIJDbOnREkZQjERzmSBnPFjjjA?authuser=0&hl=vi&rclk=1,google_maps,False,2026-03-14 08:38:35
75,PNJ Art Đà Nẵng,"chỉ: 455 Núi Thành, Hoà Cường Nam, Hải Châu, Đà Nẵng 552527, Việt Nam",Hải Châu,,,+84 931 015 035,,5.0,12,http://pnjart.com.vn/,https://www.google.com/maps/place/PNJ+Art+%C4%90%C3%A0+N%E1%BA%B5ng/data=!4m7!3m6!1s0x314219d35fec5cad:0xa80beb1a2e33797d!8m2!3d16.0368661!4d108.2223497!16s%2Fg%2F11k5hnw9gr!19sChIJrVzsX9MZQjERfXkzLhrrC6g?authuser=0&hl=vi&rclk=1,google_maps,False,2026-03-14 08:38:39
76,Hiệu Vàng Ngọc Tuyết,"chỉ: 74 Ông Ích Đường, Hòa Thọ Đông, Cẩm Lệ, Đà Nẵng 550000, Việt Nam",Cẩm Lệ,,,+84 905 608 828,,2.1,11,https://infodoanhnghiep.com/thong-tin/Doanh-Nghiep-Tu-Nhan-Hieu-Vang-Ngoc-Tuyet-96421.html,https://www.google.com/maps/place/Hi%E1%BB%87u+V%C3%A0ng+Ng%E1%BB%8Dc+Tuy%E1%BA%BFt/data=!4m7!3m6!1s0x31421a2662038a77:0x739627fab3994bcd!8m2!3d16.0156408!4d108.2050329!16s%2Fg%2F1hc1ms1j5!19sChIJd4oDYiYaQjERzUuZs_onlnM?authuser=0&hl=vi&rclk=1,google_maps,False,2026-03-14 08:38:43
77,Gold World - CỬA HÀNG TRANG SỨC VÀNG BẠC ĐÁ QUÝ CAO CẤP,"chỉ: 233 Nguyễn Văn Thoại, An Hải, Ngũ Hành Sơn, Đà Nẵng 550000, Việt Nam",Ngũ Hành Sơn,,,,,5.0,0,,https://www.google.com/maps/place/Gold+World+-+C%E1%BB%ACA+H%C3%80NG+TRANG+S%E1%BB%A8C+V%C3%80NG+B%E1%BA%A0C+%C4%90%C3%81+QU%C3%9D+CAO+C%E1%BA%A4P/data=!4m7!3m6!1s0x3142170078d4e9fb:0xa1d645e23035a16c!8m2!3d16.0563857!4d108.2462986!16s%2Fg%2F11x5s0z7vh!19sChIJ--nUeAAXQjERbKE1MOJF1qE?authuser=0&hl=vi&rclk=1,google_maps,False,2026-03-14 08:38:47
78,Trung tâm Vàng Bạc Đá Quý Hanagold - Showroom Đà Nẵng,"chỉ: 60 Lê Đình Lý, phường, Thanh Khê, Đà Nẵng 50000, Việt Nam",Thanh Khê,,,+84 1900 2161,,0.0,0,https://hanagold.vn/,https://www.google.com/maps/place/Trung+t%C3%A2m+V%C3%A0ng+B%E1%BA%A1c+%C4%90%C3%A1+Qu%C3%BD+Hanagold+-+Showroom+%C4%90%C3%A0+N%E1%BA%B5ng/data=!4m7!3m6!1s0x314219fd566b0df7:0xf2a61c4a16959a0e!8m2!3d16.0572351!4d108.21136!16s%2Fg%2F11yr96vw12!19sChIJ9w1rVv0ZQjERDpqVFkocpvI?authuser=0&hl=vi&rclk=1,google_maps,False,2026-03-14 08:38:51
79,Tiệm Vàng Vinh Kim Thanh,"chỉ: 643 Trần Cao Vân, Xuân Hà, Thanh Khê, Đà Nẵng, Việt Nam",Thanh Khê,,,+84 236 3710 205,,5.0,0,,https://www.google.com/maps/place/Ti%E1%BB%87m+V%C3%A0ng+Vinh+Kim+Thanh/data=!4m7!3m6!1s0x314218febf771f81:0xe52f8a209b5f0516!8m2!3d16.0714436!4d108.1859302!16s%2Fg%2F1tkqxrm0!19sChIJgR93v_4YQjERFgVfmyCKL-U?authuser=0&hl=vi&rclk=1,google_maps,False,2026-03-14 08:38:56
80,Vang Vida Jewelry - Đà Nẵng,"chỉ: 24 Bình Minh1, Bình Thuận, Hải Châu, Đà Nẵng 550000, Việt Nam",Hải Châu,,,+84 376 799 797,,4.9,208,,https://www.google.com/maps/place/Vang+Vida+Jewelry+-+%C4%90%C3%A0+N%E1%BA%B5ng/data=!4m7!3m6!1s0x314219002cd658ff:0x6761de61376d7f4c!8m2!3d16.0551732!4d108.2211941!16s%2Fg%2F11m6y69pss!19sChIJ_1jWLAAZQjERTH9tN2HeYWc?authuser=0&hl=vi&rclk=1,google_maps,False,2026-03-14 08:39:00
81,Tiệm Vàng Hồng Ngọc,"chỉ: 3697+4J9, Ông Ích Khiêm, Hải Châu, Đà Nẵng 550000, Việt Nam",Hải Châu,,,+84 236 3826 860,,5.0,0,,https://www.google.com/maps/place/Ti%E1%BB%87m+V%C3%A0ng+H%E1%BB%93ng+Ng%E1%BB%8Dc/data=!4m7!3m6!1s0x3142184a7f7003d9:0x88a8f1401064eeb1!8m2!3d16.0677993!4d108.2141002!16s%2Fg%2F11cs31cnt5!19sChIJ2QNwf0oYQjERse5kEEDxqIg?authuser=0&hl=vi&rclk=1,google_maps,False,2026-03-14 08:39:04
82,Tiệm Vàng Phúc Thịnh,"chỉ: 256 Hùng Vương, Hải Châu, Đà Nẵng 550000, Việt Nam",Hải Châu,,,+84 236 3824 964,,3.0,0,,https://www.google.com/maps/place/Ti%E1%BB%87m+V%C3%A0ng+Ph%C3%BAc+Th%E1%BB%8Bnh/data=!4m7!3m6!1s0x31421835a1f9d82f:0x6af5cf648c89b00a!8m2!3d16.0677111!4d108.215591!16s%2Fg%2F11j34wcnxr!19sChIJL9j5oTUYQjERCrCJjGTP9Wo?authuser=0&hl=vi&rclk=1,google_maps,False,2026-03-14 08:39:09
83,Cửa Hàng Trang Sức PNJ Next 123 Nguyễn Văn Linh - Đà Nẵng,"chỉ: 123 Nguyễn Văn Linh, Phước Ninh, Hải Châu, Đà Nẵng 550000, Việt Nam",Hải Châu,,,+84 1800 545457,,4.9,123,https://www.pnj.com.vn/,https://www.google.com/maps/place/C%E1%BB%ADa+H%C3%A0ng+Trang+S%E1%BB%A9c+PNJ+Next+123+Nguy%E1%BB%85n+V%C4%83n+Linh+-+%C4%90%C3%A0+N%E1%BA%B5ng/data=!4m7!3m6!1s0x31421982446594bd:0xdf7583ad87b6efb5!8m2!3d16.0604327!4d108.2158932!16s%2Fg%2F11fnwz9gvt!19sChIJvZRlRIIZQjERte-2h62Ddd8?authuser=0&hl=vi&rclk=1,google_maps,False,2026-03-14 08:39:13
84,Cửa Hàng Trang Sức PNJ 513 Điện Biên Phủ Đà Nẵng,"chỉ: 513 Điện Biên Phủ, P, Thanh Khê, Đà Nẵng 550000, Việt Nam",Thanh Khê,,,+84 1800 545457,,4.9,513,https://www.pnj.com.vn/,https://www.google.com/maps/place/C%E1%BB%ADa+H%C3%A0ng+Trang+S%E1%BB%A9c+PNJ+513+%C4%90i%E1%BB%87n+Bi%C3%AAn+Ph%E1%BB%A7+%C4%90%C3%A0+N%E1%BA%B5ng/data=!4m7!3m6!1s0x3142193fa3f7ad61:0x9a68f1c47b5b5c1b!8m2!3d16.0654108!4d108.1857032!16s%2Fg%2F11ftsygt89!19sChIJYa33oz8ZQjERG1xbe8TxaJo?authuser=0&hl=vi&rclk=1,google_maps,False,2026-03-14 08:39:18
85,ĐẠI LÝ VÀNG BẠC PHÚ QUÝ ĐÀ NẴNG - VÀNG BẠC CÁT TƯỜNG,"chỉ: 263 Nguyễn Hữu Thọ, Hoà Cường Bắc, Hải Châu, Đà Nẵng 550000, Việt Nam",Hải Châu,,,+84 934 985 987,,4.8,21,https://ctj.com.vn/,https://www.google.com/maps/place/%C4%90%E1%BA%A0I+L%C3%9D+V%C3%80NG+B%E1%BA%A0C+PH%C3%9A+QU%C3%9D+%C4%90%C3%80+N%E1%BA%B4NG+-+V%C3%80NG+B%E1%BA%A0C+C%C3%81T+T%C6%AF%E1%BB%9CNG/data=!4m7!3m6!1s0x314219cdac7a84bf:0xb8126700ed37b767!8m2!3d16.0417874!4d108.2105414!16s%2Fg%2F11yj8lfj6r!19sChIJv4R6rM0ZQjERZ7c37QBnErg?authuser=0&hl=vi&rclk=1,google_maps,False,2026-03-14 08:39:22
86,Trung Tâm Vàng Bạc Đá Quý HanaGold - Đà Nẵng,"chỉ: toà nhà Misa, 188 Đ. 30/4, Hoà Cường Bắc, Quận Hải C, Đà Nẵng, Việt Nam",Đà Nẵng,,,+84 1900 2161,,5.0,73,https://hanagold.vn/,https://www.google.com/maps/place/Trung+T%C3%A2m+V%C3%A0ng+B%E1%BA%A1c+%C4%90%C3%A1+Qu%C3%BD+HanaGold+-+%C4%90%C3%A0+N%E1%BA%B5ng/data=!4m7!3m6!1s0x3142195e79fd6ca3:0x930f1a4bed1988b2!8m2!3d16.0406649!4d108.2179812!16s%2Fg%2F11wy2s5fxd!19sChIJo2z9eV4ZQjERsogZ7UsaD5M?authuser=0&hl=vi&rclk=1,google_maps,False,2026-03-14 08:39:27
87,Công Ty Vàng Bạc Đá Quý,"chỉ: 122 Phan Thanh, Thạc Gián, Thanh Khê, Đà Nẵng 550000, Việt Nam",Thanh Khê,,,+84 236 3891 965,,1.0,0,,https://www.google.com/maps/place/C%C3%B4ng+Ty+V%C3%A0ng+B%E1%BA%A1c+%C4%90%C3%A1+Qu%C3%BD/data=!4m7!3m6!1s0x314219b46282d0a7:0x52b72e7def4cdfb3!8m2!3d16.0616246!4d108.2090808!16s%2Fg%2F1tx4lvjc!19sChIJp9CCYrQZQjERs99M730ut1I?authuser=0&hl=vi&rclk=1,google_maps,False,2026-03-14 08:39:31
88,Vua Đá Quý - Đá Phong Thuỷ TTGemstone,"chỉ: 114 Huyền Trân Công Chúa, Hoà Hải, Ngũ Hành Sơn, Đà Nẵng 550000, Việt Nam",Ngũ Hành Sơn,,,+84 935 219 712,,4.9,125,https://vuadaquyttgemstone.com/,https://www.google.com/maps/place/Vua+%C4%90%C3%A1+Qu%C3%BD+-+%C4%90%C3%A1+Phong+Thu%E1%BB%B7+TTGemstone/data=!4m7!3m6!1s0x3142111811cc2383:0x57837db4f1b4ee65!8m2!3d16.0022937!4d108.2640403!16s%2Fg%2F11sx01nzl1!19sChIJgyPMERgRQjERZe608bR9g1c?authuser=0&hl=vi&rclk=1,google_maps,False,2026-03-14 08:39:35
89,Kim Ngân Silver - Đại lý Bạc Phú Quý Đà Nẵng,"chỉ: 58 Bắc Sơn, Hoà An, Cẩm Lệ, Đà Nẵng 50000, Việt Nam",Cẩm Lệ,,,+84 935 565 894,,5.0,13,http://www.bacphuquydanang.com/,https://www.google.com/maps/place/Kim+Ng%C3%A2n+Silver+-+%C4%90%E1%BA%A1i+l%C3%BD+B%E1%BA%A1c+Ph%C3%BA+Qu%C3%BD+%C4%90%C3%A0+N%E1%BA%B5ng/data=!4m7!3m6!1s0x314219e934f64229:0x5d51de56df252f89!8m2!3d16.0567848!4d108.1758693!16s%2Fg%2F11zh_w_w9m!19sChIJKUL2NOkZQjERiS8l31beUV0?authuser=0&hl=vi&rclk=1,google_maps,False,2026-03-14 08:39:39
90,Đại Lý Bạc Phú Quý Đà Nẵng - Ngân Lượng,"chỉ: 197 Nguyễn Văn Linh, Phường, Hải Châu, Đà Nẵng 500000, Việt Nam",Hải Châu,,,+84 763 600 889,,5.0,0,,https://www.google.com/maps/place/%C4%90%E1%BA%A1i+L%C3%BD+B%E1%BA%A1c+Ph%C3%BA+Qu%C3%BD+%C4%90%C3%A0+N%E1%BA%B5ng+-+Ng%C3%A2n+L%C6%B0%E1%BB%A3ng/data=!4m7!3m6!1s0x3142193c670aba3f:0x11c1af4be8ab35d2!8m2!3d16.0601189!4d108.2140058!16s%2Fg%2F11xdsdd9tn!19sChIJP7oKZzwZQjER0jWr6EuvwRE?authuser=0&hl=vi&rclk=1,google_maps,False,2026-03-14 08:39:43
91,Hiệu vàng Lộc Quý,"chỉ: 523/3 Điện Biên Phủ, Hoà An, Thanh Khê, Đà Nẵng 550000, Việt Nam",Thanh Khê,,,,,4.7,0,,https://www.google.com/maps/place/Hi%E1%BB%87u+v%C3%A0ng+L%E1%BB%99c+Qu%C3%BD/data=!4m7!3m6!1s0x314219ad6ea7d485:0x5487d81600d9f2b5!8m2!3d16.0651124!4d108.185574!16s%2Fg%2F11ng6ryd6b!19sChIJhdSnbq0ZQjERtfLZABbYh1Q?authuser=0&hl=vi&rclk=1,google_maps,False,2026-03-14 08:39:48
92,doanh nghiệp vàng bạc HOA KIM PHƯƠNG,"chỉ: 25 Hồ Quý Ly, Thanh Khê Tây, Thanh Khê, Đà Nẵng, Việt Nam",Thanh Khê,,,+84 236 3761 120,,4.0,0,,https://www.google.com/maps/place/doanh+nghi%E1%BB%87p+v%C3%A0ng+b%E1%BA%A1c+HOA+KIM+PH%C6%AF%C6%A0NG/data=!4m7!3m6!1s0x314218e68332741b:0x1f35e59b22539dbd!8m2!3d16.0760571!4d108.1723664!16s%2Fg%2F11b67k057d!19sChIJG3Qyg-YYQjERvZ1TIpvlNR8?authuser=0&hl=vi&rclk=1,google_maps,False,2026-03-14 08:39:52
93,Hoàng - Trang sức Vàng Bạc Đá Quý,"chỉ: Tổ 5 thôn Phú Thượng, Hoà Sơn, Hòa Vang, Đà Nẵng 550000, Việt Nam",Hòa Vang,,,+84 924 438 686,,0.0,0,,https://www.google.com/maps/place/Ho%C3%A0ng+-+Trang+s%E1%BB%A9c+V%C3%A0ng+B%E1%BA%A1c+%C4%90%C3%A1+Qu%C3%BD/data=!4m7!3m6!1s0x31421f2f11335533:0x268229f7650ed6d7!8m2!3d16.0524292!4d108.1024177!16s%2Fg%2F11vjm2jzc8!19sChIJM1UzES8fQjER19YOZfcpgiY?authuser=0&hl=vi&rclk=1,google_maps,False,2026-03-14 08:39:56
94,Trung Tâm Vàng Bạc Đá Quý Đà Nẵng,"chỉ: 188 Hùng Vương, Hải Châu, Đà Nẵng 550000, Việt Nam",Hải Châu,,,+84 236 3567 656,,4.5,0,https://danangaz.com/cua-hang-da-nang/cua-hang-vang-bac-uy-tin-tai-da-nang/,https://www.google.com/maps/place/Trung+T%C3%A2m+V%C3%A0ng+B%E1%BA%A1c+%C4%90%C3%A1+Qu%C3%BD+%C4%90%C3%A0+N%E1%BA%B5ng/data=!4m7!3m6!1s0x314218344ea3f435:0x40acedb809f7b550!8m2!3d16.0683032!4d108.2174512!16s%2Fg%2F1td3chs2!19sChIJNfSjTjQYQjERULX3CbjtrEA?authuser=0&hl=vi&rclk=1,google_maps,False,2026-03-14 08:40:00
95,Tin Thanh Jewelry Shop,"chỉ: 136 Trần Phú, Hải Châu, Đà Nẵng 550000, Việt Nam",Hải Châu,,,+84 236 3823 705,,4.4,139,,https://www.google.com/maps/place/Tin+Thanh+Jewelry+Shop/data=!4m7!3m6!1s0x3142183234e11cf1:0xa28e8170b7c190fe!8m2!3d16.067959!4d108.2237126!16s%2Fg%2F1pzwp_z7r!19sChIJ8RzhNDIYQjER_pDBt3CBjqI?authuser=0&hl=vi&rclk=1,google_maps,False,2026-03-14 08:40:04
96,Hiệu vàng Kim Mai,"chỉ: 223 Hùng Vương, Hải Châu, Đà Nẵng 550000, Việt Nam",Hải Châu,,,+84 236 3823 932,,4.8,13,,https://www.google.com/maps/place/Hi%E1%BB%87u+v%C3%A0ng+Kim+Mai/data=!4m7!3m6!1s0x3142184a8d51d751:0x70807a6a94b6a83d!8m2!3d16.0673511!4d108.2150976!16s%2Fg%2F1wn_3lbl!19sChIJUddRjUoYQjERPai2lGp6gHA?authuser=0&hl=vi&rclk=1,google_maps,False,2026-03-14 08:40:09
97,Thế Giới Kim Cương Lotte Mart Đà Nẵng,"chỉ: Số 6 Nại Nam, P, Hải Châu, Đà Nẵng 550000, Việt Nam",Hải Châu,,,+84 1800 9298,,5.0,94,http://thegioikimcuong.vn/,https://www.google.com/maps/place/Th%E1%BA%BF+Gi%E1%BB%9Bi+Kim+C%C6%B0%C6%A1ng+Lotte+Mart+%C4%90%C3%A0+N%E1%BA%B5ng/data=!4m7!3m6!1s0x314219b9476cd6fd:0xe393dde6fab7c375!8m2!3d16.035044!4d108.229228!16s%2Fg%2F11fn4b5mky!19sChIJ_dZsR7kZQjERdcO3-ubdk-M?authuser=0&hl=vi&rclk=1,google_maps,False,2026-03-14 08:40:13
98,Vàng Bạc cầm đồ NGỌC HOÀ,"chỉ: 193 Đống Đa, Thạch Thang, Hải Châu, Đà Nẵng 550000, Việt Nam",Hải Châu,,,+84 905 160 120,,5.0,34,,https://www.google.com/maps/place/V%C3%A0ng+B%E1%BA%A1c+c%E1%BA%A7m+%C4%91%E1%BB%93+NG%E1%BB%8CC+HO%C3%80/data=!4m7!3m6!1s0x3142195440534551:0x7e97b4188ff6b8a6!8m2!3d16.076558!4d108.2160418!16s%2Fg%2F11x_jgj154!19sChIJUUVTQFQZQjERprj2jxi0l34?authuser=0&hl=vi&rclk=1,google_maps,False,2026-03-14 08:40:17
99,Vàng Spa - 59 Phan Huy Ôn,"chỉ: 59 Phan Huy Ôn, Hoà Cường Bắc, Hải Châu, Đà Nẵng, Việt Nam",Hải Châu,,,+84 886 801 139,,4.9,59,,https://www.google.com/maps/place/V%C3%A0ng+Spa+-+59+Phan+Huy+%C3%94n/data=!4m7!3m6!1s0x314219b5a1a113ab:0x418f96643c526a9d!8m2!3d16.0374973!4d108.2191944!16s%2Fg%2F11q35xv4ld!19sChIJqxOhobUZQjERnWpSPGSWj0E?authuser=0&hl=vi&rclk=1,google_maps,False,2026-03-14 08:40:21
100,Hiệu Vàng Phia Vân,"chỉ: 336 Ông Ích Khiêm, Thạc Gián, Hải Châu, Đà Nẵng 550000, Việt Nam",Hải Châu,,,+84 236 3835 679,,1.0,9,,https://www.google.com/maps/place/Hi%E1%BB%87u+V%C3%A0ng+Phia+V%C3%A2n/data=!4m7!3m6!1s0x3142184a77d426c3:0xf37370f773428bb9!8m2!3d16.067895!4d108.2137946!16s%2Fg%2F11r90w65g!19sChIJwybUd0oYQjERuYtCc_dwc_M?authuser=0&hl=vi&rclk=1,google_maps,False,2026-03-14 08:40:26
101,Hiệu Vàng Ngọc Liên,"chỉ: 27 Trưng Nữ Vương, Phước Ninh, Hải Châu, Đà Nẵng 550000, Việt Nam",Hải Châu,,,+84 236 3574 475,,0.0,17,,https://www.google.com/maps/place/Hi%E1%BB%87u+V%C3%A0ng+Ng%E1%BB%8Dc+Li%C3%AAn/data=!4m7!3m6!1s0x314219cc38f4899b:0xa891eedd2eab56b0!8m2!3d16.059551!4d108.222031!16s%2Fg%2F1td30jgh!19sChIJm4n0OMwZQjERsFarLt3ukag?authuser=0&hl=vi&rclk=1,google_maps,False,2026-03-14 08:40:30
102,Cửa Hàng Trang Sức PNJ Center 212 Đống Đa Đà Nẵng,"chỉ: 212 Đống Đa, Thuận Phước, Hải Châu, Đà Nẵng 550000, Việt Nam",Hải Châu,,,+84 1800 545457,,5.0,212,https://www.pnj.com.vn/,https://www.google.com/maps/place/C%E1%BB%ADa+H%C3%A0ng+Trang+S%E1%BB%A9c+PNJ+Center+212+%C4%90%E1%BB%91ng+%C4%90a+%C4%90%C3%A0+N%E1%BA%B5ng/data=!4m7!3m6!1s0x314219a08a6eb9a3:0x38c5a0acbba51472!8m2!3d16.0781977!4d108.2169065!16s%2Fg%2F11j5ydn13n!19sChIJo7luiqAZQjERchSlu6ygxTg?authuser=0&hl=vi&rclk=1,google_maps,False,2026-03-14 08:40:35
103,Tiệm Vàng Kim Hưng Phát,"chỉ: 114 Lương Ngọc Quyến, Thanh Bình, Hải Châu, Đà Nẵng 550000, Việt Nam",Hải Châu,,,+84 935 324 252,,5.0,0,,https://www.google.com/maps/place/Ti%E1%BB%87m+V%C3%A0ng+Kim+H%C6%B0ng+Ph%C3%A1t/data=!4m7!3m6!1s0x314218392ad5146f:0x24604cde203d7537!8m2!3d16.0809813!4d108.2169705!16s%2Fg%2F11c1t54_1l!19sChIJbxTVKjkYQjERN3U9IN5MYCQ?authuser=0&hl=vi&rclk=1,google_maps,False,2026-03-14 08:40:39
104,Hiệu Vàng Hanh Dung,"chỉ: 352 Ông Ích Khiêm, Hải Châu, Đà Nẵng 550000, Việt Nam",Hải Châu,,,,,3.7,0,,https://www.google.com/maps/place/Hi%E1%BB%87u+V%C3%A0ng+Hanh+Dung/data=!4m7!3m6!1s0x31421900109bc339:0xf477cced7704214a!8m2!3d16.0694964!4d108.2136761!16s%2Fg%2F11vm897_5l!19sChIJOcObEAAZQjERSiEEd-3Md_Q?authuser=0&hl=vi&rclk=1,google_maps,False,2026-03-14 08:40:43
105,Mạ vàng đồng hồ Đà Nẵng,"chỉ: 174A Đống Đa, Thuận Phước, Hải Châu, Đà Nẵng 55000, Việt Nam",Hải Châu,,,+84 236 3922 789,,4.5,15,,https://www.google.com/maps/place/M%E1%BA%A1+v%C3%A0ng+%C4%91%E1%BB%93ng+h%E1%BB%93+%C4%90%C3%A0+N%E1%BA%B5ng/data=!4m7!3m6!1s0x3142191766ca6339:0xc53d9ea961e71369!8m2!3d16.0791841!4d108.2174955!16s%2Fg%2F11p5_ccfvg!19sChIJOWPKZhcZQjERaRPnYamePcU?authuser=0&hl=vi&rclk=1,google_maps,False,2026-03-14 08:40:48
106,Vàng Nâu Cake Studio,"chỉ: 83 Lê Hồng Phong, Phước Ninh, Hải Châu, Đà Nẵng 550000, Việt Nam",Hải Châu,,,+84 905 863 700,,3.7,57,https://www.facebook.com/Vangnaucs/,https://www.google.com/maps/place/V%C3%A0ng+N%C3%A2u+Cake+Studio/data=!4m7!3m6!1s0x314219ff9ee09c1d:0x2a27598a2fa21494!8m2!3d16.0640738!4d108.2190715!16s%2Fg%2F11h6ynmbp7!19sChIJHZzgnv8ZQjERlBSiL4pZJyo?authuser=0&hl=vi&rclk=1,google_maps,False,2026-03-14 08:40:52
107,Tiệm Vàng Kim Huyền,"chỉ: 400 Ông Ích Khiêm, Hải Châu, Đà Nẵng 550000, Việt Nam",Hải Châu,,,+84 236 3891 491,,0.0,0,,https://www.google.com/maps/place/Ti%E1%BB%87m+V%C3%A0ng+Kim+Huy%E1%BB%81n/data=!4m7!3m6!1s0x3142184a78ed9ab7:0x33ac4c58a6e6608!8m2!3d16.0680617!4d108.2140043!16s%2Fg%2F1hc77jy8d!19sChIJt5rteEoYQjERCGZuisXEOgM?authuser=0&hl=vi&rclk=1,google_maps,False,2026-03-14 08:40:56
108,Hiệu Vàng Trí Dung,"chỉ: 61 Nguyễn Thái Học, Hải Châu, Đà Nẵng 550000, Việt Nam",Hải Châu,,,+84 236 3816 618,,0.0,0,https://www.facebook.com/pages/DNTN-Hi%E1%BB%87u-V%C3%A0ng-Tr%C3%AD-Dung/2221620741407702,https://www.google.com/maps/place/Hi%E1%BB%87u+V%C3%A0ng+Tr%C3%AD+Dung/data=!4m7!3m6!1s0x31421833b5626f69:0x4233627cc956a6ba!8m2!3d16.0680886!4d108.2229738!16s%2Fg%2F11jg85hvfg!19sChIJaW9itTMYQjERuqZWyXxiM0I?authuser=0&hl=vi&rclk=1,google_maps,False,2026-03-14 08:41:00
109,Doanh Nghiệp Tư Nhân Hiệu Vàng Thanh Tùng Dũng,"chỉ: Kiot 46, Chợ Đầu Mối - Hòa Cường, Đường Lê Nổ, Phường Hòa Cường Nam, Quận Hải Châu, Hoà Cường Nam, Hải Châu, Đà Nẵng, Việt Nam",Hải Châu,,,+84 236 3621 049,,0.0,0,,https://www.google.com/maps/place/Doanh+Nghi%E1%BB%87p+T%C6%B0+Nh%C3%A2n+Hi%E1%BB%87u+V%C3%A0ng+Thanh+T%C3%B9ng+D%C5%A9ng/data=!4m7!3m6!1s0x314219ee24325f21:0xeeba0ebcf08dafbf!8m2!3d16.0303128!4d108.2200361!16s%2Fg%2F1pzxhldkv!19sChIJIV8yJO4ZQjERv6-N8LwOuu4?authuser=0&hl=vi&rclk=1,google_maps,False,2026-03-14 08:41:05
110,Thế Giới Kim Cương Riverside Đà Nẵng,"chỉ: 74 Bạch Đằng, P, Hải Châu, Đà Nẵng 550000, Việt Nam",Hải Châu,,,+84 1800 9298,,5.0,91,http://thegioikimcuong.vn/,https://www.google.com/maps/place/Th%E1%BA%BF+Gi%E1%BB%9Bi+Kim+C%C6%B0%C6%A1ng+Riverside+%C4%90%C3%A0+N%E1%BA%B5ng/data=!4m7!3m6!1s0x314219917b4fa397:0x45cdf8829e3b14b3!8m2!3d16.0700626!4d108.2247088!16s%2Fg%2F11hdvj1pm2!19sChIJl6NPe5EZQjERsxQ7noL4zUU?authuser=0&hl=vi&rclk=1,google_maps,False,2026-03-14 08:41:09
111,Di Động Vàng iPhone Chính Hãng Đà Nẵng,"chỉ: 235 Nguyễn Hữu Thọ, Hoà Cường Bắc, Hải Châu, Đà Nẵng 550000, Việt Nam",Hải Châu,,,,,4.9,202,https://didongvang.com/,https://www.google.com/maps/place/Di+%C4%90%E1%BB%99ng+V%C3%A0ng+iPhone+Ch%C3%ADnh+H%C3%A3ng+%C4%90%C3%A0+N%E1%BA%B5ng/data=!4m7!3m6!1s0x3142194904bb7363:0x7ffacaa988d773f4!8m2!3d16.0426116!4d108.2103995!16s%2Fg%2F11j59l49qc!19sChIJY3O7BEkZQjER9HPXiKnK-n8?authuser=0&hl=vi&rclk=1,google_maps,False,2026-03-14 08:41:13
112,Quà tặng cao cấp mạ vàng 24K - Golden Gift Việt Nam,"chỉ: toà nhà Mường Thanh Sông Hàn, 115 Nguyễn Văn Linh, Phường, Thanh Khê, Đà Nẵng 550000, Việt Nam",Thanh Khê,,,+84 972 487 899,,4.2,24,https://quavang.com.vn/,https://www.google.com/maps/place/Qu%C3%A0+t%E1%BA%B7ng+cao+c%E1%BA%A5p+m%E1%BA%A1+v%C3%A0ng+24K+-+Golden+Gift+Vi%E1%BB%87t+Nam/data=!4m7!3m6!1s0x314219569fef0071:0xabe38ef8dc35211d!8m2!3d16.0586678!4d108.2061483!16s%2Fg%2F11hdrrf74v!19sChIJcQDvn1YZQjERHSE13PiO46s?authuser=0&hl=vi&rclk=1,google_maps,False,2026-03-14 08:41:17
113,Dntn Hiệu Vàng Ngọc Hòa,"chỉ: 161 Ông Ích Khiêm, Chính Gián, Thanh Khê, Đà Nẵng 550000, Việt Nam",Hải Châu,,,,,0.0,0,,https://www.google.com/maps/place/Dntn+Hi%E1%BB%87u+V%C3%A0ng+Ng%E1%BB%8Dc+H%C3%B2a/data=!4m7!3m6!1s0x31421849e5f0b04f:0xa584432070a51623!8m2!3d16.0713834!4d108.2133151!16s%2Fg%2F11pz11cj5y!19sChIJT7Dw5UkYQjERIxalcCBDhKU?authuser=0&hl=vi&rclk=1,google_maps,False,2026-03-14 08:41:21
114,Tiệm bánh Nắng Vàng,"chỉ: 247 Trưng Nữ Vương, Bình Thuận, Hải Châu, Đà Nẵng 550000, Việt Nam",Hải Châu,,,+84 977 307 152,,4.3,12,,https://www.google.com/maps/place/Ti%E1%BB%87m+b%C3%A1nh+N%E1%BA%AFng+V%C3%A0ng/data=!4m7!3m6!1s0x314219f18450791b:0x1ceb983932b7fd4f!8m2!3d16.0529148!4d108.2183487!16s%2Fg%2F11x07rvxmb!19sChIJG3lQhPEZQjERT_23MjmY6xw?authuser=0&hl=vi&rclk=1,google_maps,False,2026-03-14 08:41:26
115,Tiệm Vàng Nhân Nghĩa,"chỉ: 78 Võ Văn Tần, Chính Gián, Thanh Khê, Đà Nẵng 550000, Việt Nam",Thanh Khê,,,+84 988 094 194,,4.3,0,,https://www.google.com/maps/place/Ti%E1%BB%87m+V%C3%A0ng+Nh%C3%A2n+Ngh%C4%A9a/data=!4m7!3m6!1s0x3142184d5f70b1d9:0xa450582d861f7b7a!8m2!3d16.0668706!4d108.202153!16s%2Fg%2F1hc0rcv_q!19sChIJ2bFwX00YQjERensfhi1YUKQ?authuser=0&hl=vi&rclk=1,google_maps,False,2026-03-14 08:41:30
116,Tiệm Vàng Kim Cúc,"chỉ: 155 Dũng Sĩ Thanh Khê, Thanh Khê Tây, Thanh Khê, Đà Nẵng, Việt Nam",Thanh Khê,,,+84 236 3764 250,,3.0,0,,https://www.google.com/maps/place/Ti%E1%BB%87m+V%C3%A0ng+Kim+C%C3%BAc/data=!4m7!3m6!1s0x314218e43ec0952f:0x94bdeeb19586610b!8m2!3d16.0754883!4d108.1737054!16s%2Fg%2F11b67r0rs8!19sChIJL5XAPuQYQjERC2GGlbHuvZQ?authuser=0&hl=vi&rclk=1,google_maps,False,2026-03-14 08:41:34
117,Hiệu Vàng Ngọc Vân Hưng,"chỉ: 523/02 Điện Biên Phủ, Thanh Khê Đông, Thanh Khê, Đà Nẵng 550000, Việt Nam",Thanh Khê,,,+84 905 526 706,,2.3,9,,https://www.google.com/maps/place/Hi%E1%BB%87u+V%C3%A0ng+Ng%E1%BB%8Dc+V%C3%A2n+H%C6%B0ng/data=!4m7!3m6!1s0x314219004cb89411:0xe20fa9079d21abe3!8m2!3d16.0651582!4d108.185558!16s%2Fg%2F11w8j3zx_7!19sChIJEZS4TAAZQjER46shnQepD-I?authuser=0&hl=vi&rclk=1,google_maps,False,2026-03-14 08:41:38
118,Tiệm Vàng Phia Vân,"chỉ: 326/2 Hùng Vương, Thạc Gián, Thanh Khê, Đà Nẵng 550000, Việt Nam",Hải Châu,,,+84 236 3823 226,,2.1,7,,https://www.google.com/maps/place/Ti%E1%BB%87m+V%C3%A0ng+Phia+V%C3%A2n/data=!4m7!3m6!1s0x3142184a77d426c3:0x34cb1317a034cb59!8m2!3d16.0666394!4d108.2102074!16s%2Fg%2F1tg8g60v!19sChIJwybUd0oYQjERWcs0oBcTyzQ?authuser=0&hl=vi&rclk=1,google_maps,False,2026-03-14 08:41:43
119,Hiệu Vàng Vĩnh Diệp,"chỉ: 364 Hùng Vương, Thạc Gián, Thanh Khê, Đà Nẵng 550000, Việt Nam",Hải Châu,,,,,3.1,8,,https://www.google.com/maps/place/Hi%E1%BB%87u+V%C3%A0ng+V%C4%A9nh+Di%E1%BB%87p/data=!4m7!3m6!1s0x3142184aedeb44dd:0xec76872c1a1bb5f2!8m2!3d16.0670062!4d108.2122879!16s%2Fg%2F1hc1msnzn!19sChIJ3UTr7UoYQjER8rUbGiyHduw?authuser=0&hl=vi&rclk=1,google_maps,False,2026-03-14 08:41:47
120,Vàng mã Thu Lan - Đà Nẵng,"chỉ: 21 K64 Lê Đình Lý, Thạc Gián, Thanh Khê, Đà Nẵng 550000, Việt Nam",Thanh Khê,,,+84 973 797 929,,0.0,0,,https://www.google.com/maps/place/V%C3%A0ng+m%C3%A3+Thu+Lan+-+%C4%90%C3%A0+N%E1%BA%B5ng/data=!4m7!3m6!1s0x31421941bcb8092d:0xdb7e3f196168e875!8m2!3d16.0571544!4d108.2110941!16s%2Fg%2F11s57fgkqs!19sChIJLQm4vEEZQjERdehoYRk_fts?authuser=0&hl=vi&rclk=1,google_maps,False,2026-03-14 08:41:51
121,Hiệu Vàng Ngọc Diệp Hoàng,"chỉ: 418 Hùng Vương, Thạc Gián, Thanh Khê, Đà Nẵng 50000, Việt Nam",Hải Châu,,,+84 909 509 555,,4.0,8,,https://www.google.com/maps/place/Hi%E1%BB%87u+V%C3%A0ng+Ng%E1%BB%8Dc+Di%E1%BB%87p+Ho%C3%A0ng/data=!4m7!3m6!1s0x3142197a53dcb6d5:0x1533d1cd75ced278!8m2!3d16.0667497!4d108.2108593!16s%2Fg%2F11w3k6n0sm!19sChIJ1bbcU3oZQjEReNLOdc3RMxU?authuser=0&hl=vi&rclk=1,google_maps,False,2026-03-14 08:41:55
122,Hiệu Vàng Kim Cúc,"chỉ: 74 Hồ Quý Ly, Thanh Khê Tây, Liên Chiểu, Đà Nẵng 550000, Việt Nam",Thanh Khê,,,+84 905 866 030,,5.0,0,,https://www.google.com/maps/place/Hi%E1%BB%87u+V%C3%A0ng+Kim+C%C3%BAc/data=!4m7!3m6!1s0x314218e6bd33fd33:0x452e1c249da6fb41!8m2!3d16.0754723!4d108.1716931!16s%2Fg%2F1hc6x_q82!19sChIJM_0zveYYQjERQfumnSQcLkU?authuser=0&hl=vi&rclk=1,google_maps,False,2026-03-14 08:41:59
123,Hiệu Bạc NGỌC LINH,"chỉ: 631 Trần Cao Vân, Xuân Hà, Thanh Khê, Đà Nẵng, Việt Nam",Thanh Khê,,,+84 762 508 228,,4.4,23,,https://www.google.com/maps/place/Hi%E1%BB%87u+B%E1%BA%A1c+NG%E1%BB%8CC+LINH/data=!4m7!3m6!1s0x314218fec016e35f:0xbdf1bcc1581fa4fc!8m2!3d16.0716508!4d108.1860637!16s%2Fg%2F11gg731fr2!19sChIJX-MWwP4YQjER_KQfWMG88b0?authuser=0&hl=vi&rclk=1,google_maps,False,2026-03-14 08:42:03
124,Hiệu vàng Nghĩa Tín 2,"chỉ: 384 Hùng Vương, Thạc Gián, Thanh Khê, Đà Nẵng 550000, Việt Nam",Hải Châu,,,+84 236 3851 290,,5.0,0,,https://www.google.com/maps/place/Hi%E1%BB%87u+v%C3%A0ng+Ngh%C4%A9a+T%C3%ADn+2/data=!4m7!3m6!1s0x3142184aef7e5b25:0x27d425faa9a5397d!8m2!3d16.0669381!4d108.2119601!16s%2Fg%2F1hc3057zz!19sChIJJVt-70oYQjERfTmlqfol1Cc?authuser=0&hl=vi&rclk=1,google_maps,False,2026-03-14 08:42:07
125,Huu Dau Jewelry Shop,"chỉ: 269 Hùng Vương, Thạc Gián, Thanh Khê, Đà Nẵng 550000, Việt Nam",Hải Châu,,,+84 236 3820 661,,5.0,0,,https://www.google.com/maps/place/Huu+Dau+Jewelry+Shop/data=!4m7!3m6!1s0x3142184aee3aee2b:0x405e594b9f4bb0b7!8m2!3d16.0667903!4d108.2121556!16s%2Fg%2F1tflvcdk!19sChIJK-467koYQjERt7BLn0tZXkA?authuser=0&hl=vi&rclk=1,google_maps,False,2026-03-14 08:42:12
126,VÀNG BẠC NGỌC ÁNH VẪN,"chỉ: 46 Điện Biên Phủ, Chính Gián, Thanh Khê, Đà Nẵng 550000, Việt Nam",Thanh Khê,,,,,0.0,9,,https://www.google.com/maps/place/V%C3%80NG+B%E1%BA%A0C+NG%E1%BB%8CC+%C3%81NH+V%E1%BA%AAN/data=!4m7!3m6!1s0x31421970fa628029:0x139229cd2fa19201!8m2!3d16.0666574!4d108.2033714!16s%2Fg%2F11h56d105p!19sChIJKYBi-nAZQjERAZKhL80pkhM?authuser=0&hl=vi&rclk=1,google_maps,False,2026-03-14 08:42:16
127,Hiệu Vàng Minh Thanh,"chỉ: 250 Ông Ích Khiêm, Hải Châu, Thanh Khê, Đà Nẵng 550000, Việt Nam",Hải Châu,,,+84 236 3824 819,,0.0,9,,https://www.google.com/maps/place/Hi%E1%BB%87u+V%C3%A0ng+Minh+Thanh/data=!4m7!3m6!1s0x3142184a0eaf04b9:0xf7ebc3899aa2810f!8m2!3d16.0697601!4d108.2136229!16s%2Fg%2F1whdfv48!19sChIJuQSvDkoYQjERD4GimonD6_c?authuser=0&hl=vi&rclk=1,google_maps,False,2026-03-14 08:42:20
128,Tiệm Vàng Kim Uyên,"chỉ: 280 Trần Cao Vân, Xuân Hà, Thanh Khê, Đà Nẵng 550000, Việt Nam",Thanh Khê,,,+84 236 2226 467,,0.0,0,,https://www.google.com/maps/place/Ti%E1%BB%87m+V%C3%A0ng+Kim+Uy%C3%AAn/data=!4m7!3m6!1s0x3142184e0880b1ed:0xf173fd6e2ede5457!8m2!3d16.0714141!4d108.2029423!16s%2Fg%2F1wt3kwn0!19sChIJ7bGACE4YQjERV1TeLm79c_E?authuser=0&hl=vi&rclk=1,google_maps,False,2026-03-14 08:42:24
129,Phụ Kiện Trang Sức Đà Nẵng - The Sol,"chỉ: 69 Cù Chính Lan, Thanh Khê Đông, Thanh Khê, Đà Nẵng 550000, Việt Nam",Thanh Khê,,,+84 971 117 435,,4.0,8,https://www.facebook.com/thesol69/,https://www.google.com/maps/place/Ph%E1%BB%A5+Ki%E1%BB%87n+Trang+S%E1%BB%A9c+%C4%90%C3%A0+N%E1%BA%B5ng+-+The+Sol/data=!4m7!3m6!1s0x3142193e9090c9f5:0x8a5f8af3a525d361!8m2!3d16.0650746!4d108.1873747!16s%2Fg%2F11j1c6x0yf!19sChIJ9cmQkD4ZQjERYdMlpfOKX4o?authuser=0&hl=vi&rclk=1,google_maps,False,2026-03-14 08:42:28
130,Hiệu Vàng Ngọc Hồng,"chỉ: 419 Trường Chinh, An Khê, Thanh Khê, Đà Nẵng, Việt Nam",Thanh Khê,,,+84 934 939 805,,0.0,0,,https://www.google.com/maps/place/Hi%E1%BB%87u+V%C3%A0ng+Ng%E1%BB%8Dc+H%E1%BB%93ng/data=!4m7!3m6!1s0x314219768bae304f:0x6e1d4b07aba620c8!8m2!3d16.0376094!4d108.1872652!16s%2Fg%2F11tnwk3__w!19sChIJTzCui3YZQjERyCCmqwdLHW4?authuser=0&hl=vi&rclk=1,google_maps,False,2026-03-14 08:42:32
131,Trang sức Bạc Bình Thuyết,"chỉ: 462C Điện Biên Phủ, Thanh Khê Đông, Thanh Khê, Đà Nẵng 55000, Việt Nam",Thanh Khê,,,+84 822 777 743,,0.0,7,,https://www.google.com/maps/place/Trang+s%E1%BB%A9c+B%E1%BA%A1c+B%C3%ACnh+Thuy%E1%BA%BFt/data=!4m7!3m6!1s0x3142190030dc5ae3:0xfae82da08d185cd2!8m2!3d16.0659984!4d108.1879116!16s%2Fg%2F11c5stgn2s!19sChIJ41rcMAAZQjER0lwYjaAt6Po?authuser=0&hl=vi&rclk=1,google_maps,False,2026-03-14 08:42:36
132,Gems Casa Luxury Diamond & Jewelry,"chỉ: 223 Nguyễn Văn Linh, Thạc Gián, Thanh Khê, Đà Nẵng 550000, Việt Nam",Thanh Khê,,,+84 763 669 995,,5.0,0,http://kimcuongdanang.com/,https://www.google.com/maps/place/Gems+Casa+Luxury+Diamond+%26+Jewelry/data=!4m7!3m6!1s0x3142199a405c799f:0x271e1c45c8f36a03!8m2!3d16.060029!4d108.2131282!16s%2Fg%2F11fk13wmtw!19sChIJn3lcQJoZQjERA2rzyEUcHic?authuser=0&hl=vi&rclk=1,google_maps,False,2026-03-14 08:42:40
133,Hiệu Vàng Nhân,"chỉ: 78 Võ Văn Tần, Chính Gián, Thanh Khê, Đà Nẵng 550000, Việt Nam",Thanh Khê,,,+84 905 140 304,,0.0,0,,https://www.google.com/maps/place/Hi%E1%BB%87u+V%C3%A0ng+Nh%C3%A2n/data=!4m7!3m6!1s0x3142184d146af777:0x32f6f59c524adc85!8m2!3d16.066906!4d108.2021211!16s%2Fg%2F1hdzcp6mk!19sChIJd_dqFE0YQjERhdxKUpz19jI?authuser=0&hl=vi&rclk=1,google_maps,False,2026-03-14 08:42:44
134,Trang Sức Uy Tín Đà Nẵng - Phước swiss,"chỉ: 311 Lê Duẩn, Chính Gián, Thanh Khê, Đà Nẵng 550000, Việt Nam",Hải Châu,,,+84 905 846 632,,5.0,853,https://www.facebook.com/profile.php?id=61552324238272&locale=vi_VN,https://www.google.com/maps/place/Trang+S%E1%BB%A9c+Uy+T%C3%ADn+%C4%90%C3%A0+N%E1%BA%B5ng+-+Ph%C6%B0%E1%BB%9Bc+swiss/data=!4m7!3m6!1s0x31421900415ff4eb:0x353efd91386cab61!8m2!3d16.069394!4d108.2104106!16s%2Fg%2F11vzts960t!19sChIJ6_RfQQAZQjERYatsOJH9PjU?authuser=0&hl=vi&rclk=1,google_maps,False,2026-03-14 08:42:48
135,Hiệu Vàng Hữu Tín,"chỉ: 3686+G39, Hàm Nghi, Thạc Gián, Thanh Khê, Đà Nẵng 550000, Việt Nam",Thanh Khê,,,,,0.0,0,,https://www.google.com/maps/place/Hi%E1%BB%87u+V%C3%A0ng+H%E1%BB%AFu+T%C3%ADn/data=!4m7!3m6!1s0x3142184b3ce7fb6b:0x361f9092914a7a89!8m2!3d16.0662975!4d108.2102286!16s%2Fg%2F11qg2h9btm!19sChIJa_vnPEsYQjERiXpKkZKQHzY?authuser=0&hl=vi&rclk=1,google_maps,False,2026-03-14 08:42:53
136,Hiệu Vàng Châu Hồng,"chỉ: 762 Trần Cao Vân, Thanh Khê Đông, Thanh Khê, Đà Nẵng, Việt Nam",Thanh Khê,,,+84 236 3746 104,,0.0,9,,https://www.google.com/maps/place/Hi%E1%BB%87u+V%C3%A0ng+Ch%C3%A2u+H%E1%BB%93ng/data=!4m7!3m6!1s0x314218febf771f81:0xe672b38ac642848c!8m2!3d16.071573!4d108.1856693!16s%2Fg%2F1tg9klz_!19sChIJgR93v_4YQjERjIRCxoqzcuY?authuser=0&hl=vi&rclk=1,google_maps,False,2026-03-14 08:42:57
137,TAM GIÁC VÀNG,"chỉ: 109 Nguyễn Phước Nguyên, Thanh Khê Đông, Thanh Khê, Đà Nẵng 550000, Việt Nam",Thanh Khê,,,,,5.0,0,,https://www.google.com/maps/place/TAM+GI%C3%81C+V%C3%80NG/data=!4m7!3m6!1s0x314219e4961bded3:0x6b711a71b8678430!8m2!3d16.0593585!4d108.1807241!16s%2Fg%2F11ft89kztf!19sChIJ094bluQZQjERMIRnuHEacWs?authuser=0&hl=vi&rclk=1,google_maps,False,2026-03-14 08:43:01
138,Tệm Vàng - Bạc Tuấn Dũng,"chỉ: 18 Đỗ Quang, Thạc Gián, Thanh Khê, Đà Nẵng 550000, Việt Nam",Thanh Khê,,,+84 236 3690 046,,0.0,0,,https://www.google.com/maps/place/T%E1%BB%87m+V%C3%A0ng+-+B%E1%BA%A1c+Tu%E1%BA%A5n+D%C5%A9ng/data=!4m7!3m6!1s0x314219b507e36b1d:0x9224475fd49206d3!8m2!3d16.0620411!4d108.211656!16s%2Fg%2F1hc9x12f7!19sChIJHWvjB7UZQjER0waS1F9HJJI?authuser=0&hl=vi&rclk=1,google_maps,False,2026-03-14 08:43:05
139,Hiệu Vàng Bảo Linh Minh Châu,"chỉ: 51 Hồ Quý Ly, Thanh Khê Tây, Liên Chiểu, Đà Nẵng, Việt Nam",Thanh Khê,,,+84 905 051 059,,5.0,0,,https://www.google.com/maps/place/Hi%E1%BB%87u+V%C3%A0ng+B%E1%BA%A3o+Linh+Minh+Ch%C3%A2u/data=!4m7!3m6!1s0x314219eefc6787fd:0x176d7d1e919d74d8!8m2!3d16.0747583!4d108.1714704!16s%2Fg%2F11g0j9j2q6!19sChIJ_Ydn_O4ZQjER2HSdkR59bRc?authuser=0&hl=vi&rclk=1,google_maps,False,2026-03-14 08:43:09
140,Hiệu Vàng Hiệp Thuấn,"chỉ: 30 Hồ Quý Ly, Thanh Khê Tây, Liên Chiểu, Đà Nẵng, Việt Nam",Thanh Khê,,,+84 236 2245 742,,3.0,0,,https://www.google.com/maps/place/Hi%E1%BB%87u+V%C3%A0ng+Hi%E1%BB%87p+Thu%E1%BA%A5n/data=!4m7!3m6!1s0x314218e6bd4c553f:0x18ff74153aed5770!8m2!3d16.0752109!4d108.1719137!16s%2Fg%2F1hc1y7dk5!19sChIJP1VMveYYQjERcFftOhV0_xg?authuser=0&hl=vi&rclk=1,google_maps,False,2026-03-14 08:43:13
141,Tiệm Vàng Khánh Hà,"chỉ: 733 Tôn Đức Thắng, Hoà Khánh Bắc, Liên Chiểu, Đà Nẵng 550000, Việt Nam",Liên Chiểu,,,+84 236 3841 709,,4.2,16,,https://www.google.com/maps/place/Ti%E1%BB%87m+V%C3%A0ng+Kh%C3%A1nh+H%C3%A0/data=!4m7!3m6!1s0x314218d63c058097:0x3eb581e3ff6db88a!8m2!3d16.0708534!4d108.1506371!16s%2Fg%2F1hc1zyf3j!19sChIJl4AFPNYYQjERirht_-OBtT4?authuser=0&hl=vi&rclk=1,google_maps,False,2026-03-14 08:43:17
142,Hiệu vàng Khải Hoàn,"chỉ: 19 P. Đức Chính, Mân Thái, Sơn Trà, Đà Nẵng, Việt Nam",Sơn Trà,,,+84 236 3831 318,,3.8,30,,https://www.google.com/maps/place/Hi%E1%BB%87u+v%C3%A0ng+Kh%E1%BA%A3i+Ho%C3%A0n/data=!4m7!3m6!1s0x314217f51ff0ce3f:0x20817f2a3fab24df!8m2!3d16.0862131!4d108.2407735!16s%2Fg%2F1thvddq1!19sChIJP87wH_UXQjER3ySrPyp_gSA?authuser=0&hl=vi&rclk=1,google_maps,False,2026-03-14 08:43:22
143,Hiệu Vàng Phương Thảo,"chỉ: 323 Ng. Quyền, Mân Thái, Sơn Trà, Đà Nẵng, Việt Nam",Sơn Trà,,,+84 236 3848 115,,4.0,0,,https://www.google.com/maps/place/Hi%E1%BB%87u+V%C3%A0ng+Ph%C6%B0%C6%A1ng+Th%E1%BA%A3o/data=!4m7!3m6!1s0x314217f4e4ebc1c5:0x5be10e656c52c503!8m2!3d16.0869118!4d108.2412815!16s%2Fg%2F11bcclx0b5!19sChIJxcHr5PQXQjERA8VSbGUO4Vs?authuser=0&hl=vi&rclk=1,google_maps,False,2026-03-14 08:43:26
144,Phú Vinh jewelry Shop,"chỉ: 29 Nguyễn Văn Thoại, Bắc Mỹ Phú, Sơn Trà, Đà Nẵng 550000, Việt Nam",Sơn Trà,,,+84 983 836 107,,4.6,17,,https://www.google.com/maps/place/Ph%C3%BA+Vinh+jewelry+Shop/data=!4m7!3m6!1s0x314219005d7cf20f:0x7b5349a6dbbb7725!8m2!3d16.0538847!4d108.2373802!16s%2Fg%2F11wpzqy_wn!19sChIJD_J8XQAZQjERJXe726ZJU3s?authuser=0&hl=vi&rclk=1,google_maps,False,2026-03-14 08:43:30
145,Hiệu vàng Ngọc Nhung,"chỉ: 117 Nguyễn Phan Vinh, Thọ Quang, Sơn Trà, Đà Nẵng 550000, Việt Nam",Sơn Trà,,,+84 976 787 249,,5.0,0,,https://www.google.com/maps/place/Hi%E1%BB%87u+v%C3%A0ng+Ng%E1%BB%8Dc+Nhung/data=!4m7!3m6!1s0x314217e48759e5ed:0x162db72f6a173c7c!8m2!3d16.100483!4d108.2526062!16s%2Fg%2F11rs0k0hwz!19sChIJ7eVZh-QXQjERfDwXai-3LRY?authuser=0&hl=vi&rclk=1,google_maps,False,2026-03-14 08:43:34
146,Cửa Hàng Trang Sức PNJ Vincom Đà Nẵng,"chỉ: Tầng trệt, 910A Ngô Quyền, Q. Sơn Trà TP, Đà Nẵng 550000, Việt Nam",Sơn Trà,,,+84 1800 545457,,5.0,482,https://www.pnj.com.vn/,https://www.google.com/maps/place/C%E1%BB%ADa+H%C3%A0ng+Trang+S%E1%BB%A9c+PNJ+Vincom+%C4%90%C3%A0+N%E1%BA%B5ng/data=!4m7!3m6!1s0x3142182ee022dfad:0xc3414730bdde13ff!8m2!3d16.071692!4d108.2302344!16s%2Fg%2F11gcqwr42n!19sChIJrd8i4C4YQjER_xPevTBHQcM?authuser=0&hl=vi&rclk=1,google_maps,False,2026-03-14 08:43:39
147,Trung tâm kim hoàng PNJ,"chỉ: 165 Nguyễn Văn Thoại, Bắc Mỹ An, Sơn Trà, Đà Nẵng 550000, Việt Nam",Sơn Trà,,,+84 236 3952 588,,4.0,8,,https://www.google.com/maps/place/Trung+t%C3%A2m+kim+ho%C3%A0ng+PNJ/data=!4m7!3m6!1s0x3142171c3f559171:0xe56c196a0b7632c2!8m2!3d16.0551122!4d108.2415806!16s%2Fg%2F11h0hjllzh!19sChIJcZFVPxwXQjERwjJ2C2oZbOU?authuser=0&hl=vi&rclk=1,google_maps,False,2026-03-14 08:43:43
148,Soulcraft Jewelry,"chỉ: Alley K72/25, Nguyễn Văn Thoại, Ngũ Hành Sơn, Đà Nẵng 550000, Việt Nam",Ngũ Hành Sơn,,,+84 848 404 343,,4.9,140,https://soulcraftvietnam.com/,https://www.google.com/maps/place/Soulcraft+Jewelry/data=!4m7!3m6!1s0x31421770af21c80d:0x601d2cd74e61c2da!8m2!3d16.0536281!4d108.2405757!16s%2Fg%2F11qnctxq0s!19sChIJDcghr3AXQjER2sJhTtcsHWA?authuser=0&hl=vi&rclk=1,google_maps,False,2026-03-14 08:43:47
149,Tiệm Vàng Ngọc Huyền,"chỉ: 1 Triệu Việt Vương, An Hải Trung, Sơn Trà, Đà Nẵng 550000, Việt Nam",Sơn Trà,,,+84 236 3831 455,,0.0,17,,https://www.google.com/maps/place/Ti%E1%BB%87m+V%C3%A0ng+Ng%E1%BB%8Dc+Huy%E1%BB%81n/data=!4m7!3m6!1s0x3142182c989b2ea5:0x6f789594756fd166!8m2!3d16.0644365!4d108.2304032!16s%2Fg%2F1hc4dx71d!19sChIJpS6bmCwYQjERZtFvdZSVeG8?authuser=0&hl=vi&rclk=1,google_maps,False,2026-03-14 08:43:51
150,Kim Nhựt jewelry,"chỉ: 617 Đ. Lê Văn Hiến, Hoà Hải, Ngũ Hành Sơn, Đà Nẵng 550000, Việt Nam",Ngũ Hành Sơn,,,+84 236 3836 347,,4.5,0,,https://www.google.com/maps/place/Kim+Nh%E1%BB%B1t+jewelry/data=!4m7!3m6!1s0x314210bf3cf49c79:0x2e537bf52a688230!8m2!3d15.9974531!4d108.2595124!16s%2Fg%2F1hc75pdz3!19sChIJeZz0PL8QQjERMIJoKvV7Uy4?authuser=0&hl=vi&rclk=1,google_maps,False,2026-03-14 08:43:56
